grid,drive,P,readout,T,K_star,bal_at_K_star
16,15mT1100,1,analog,0.8,1024,0.8054872155189514
16,15mT1100,1,analog,0.9,,0.8070257306098938
16,15mT1100,1,analog,0.95,,0.8070257306098938
16,15mT1100,1,binary,0.8,512,0.8386666178703308
16,15mT1100,1,binary,0.9,,0.8451794981956482
16,15mT1100,1,binary,0.95,,0.8451794981956482
16,15mT1100,1,ternary,0.8,128,0.8205640912055969
16,15mT1100,1,ternary,0.9,,0.8595384359359741
16,15mT1100,1,ternary,0.95,,0.8595384359359741
16,15mT1100,2,analog,0.8,,0.5257948637008667
16,15mT1100,2,analog,0.9,,0.5257948637008667
16,15mT1100,2,analog,0.95,,0.5257948637008667
16,15mT1100,2,binary,0.8,,0.5913846492767334
16,15mT1100,2,binary,0.9,,0.5913846492767334
16,15mT1100,2,binary,0.95,,0.5913846492767334
16,15mT1100,2,ternary,0.8,,0.5901538133621216
16,15mT1100,2,ternary,0.9,,0.5901538133621216
16,15mT1100,2,ternary,0.95,,0.5901538133621216
16,15mT1100,4,analog,0.8,,0.4701538383960724
16,15mT1100,4,analog,0.9,,0.4701538383960724
16,15mT1100,4,analog,0.95,,0.4701538383960724
16,15mT1100,4,binary,0.8,,0.5960000157356262
16,15mT1100,4,binary,0.9,,0.5960000157356262
16,15mT1100,4,binary,0.95,,0.5960000157356262
16,15mT1100,4,ternary,0.8,,0.5898973941802979
16,15mT1100,4,ternary,0.9,,0.5898973941802979
16,15mT1100,4,ternary,0.95,,0.5898973941802979
16,15mT1100,8,analog,0.8,,0.5135384202003479
16,15mT1100,8,analog,0.9,,0.5135384202003479
16,15mT1100,8,analog,0.95,,0.5135384202003479
16,15mT1100,8,binary,0.8,,0.5078461766242981
16,15mT1100,8,binary,0.9,,0.5078461766242981
16,15mT1100,8,binary,0.95,,0.5078461766242981
16,15mT1100,8,ternary,0.8,,0.6133333444595337
16,15mT1100,8,ternary,0.9,,0.6133333444595337
16,15mT1100,8,ternary,0.95,,0.6133333444595337
16,15mT200,1,analog,0.8,,0.4952820837497711
16,15mT200,1,analog,0.9,,0.4952820837497711
16,15mT200,1,analog,0.95,,0.4952820837497711
16,15mT200,1,binary,0.8,,0.7456923723220825
16,15mT200,1,binary,0.9,,0.7456923723220825
16,15mT200,1,binary,0.95,,0.7456923723220825
16,15mT200,1,ternary,0.8,,0.7517436146736145
16,15mT200,1,ternary,0.9,,0.7517436146736145
16,15mT200,1,ternary,0.95,,0.7517436146736145
16,15mT200,2,analog,0.8,,0.4879487156867981
16,15mT200,2,analog,0.9,,0.4879487156867981
16,15mT200,2,analog,0.95,,0.4879487156867981
16,15mT200,2,binary,0.8,2048,0.8175384402275085
16,15mT200,2,binary,0.9,,0.8175384402275085
16,15mT200,2,binary,0.95,,0.8175384402275085
16,15mT200,2,ternary,0.8,2048,0.818051278591156
16,15mT200,2,ternary,0.9,,0.818051278591156
16,15mT200,2,ternary,0.95,,0.818051278591156
16,15mT200,4,analog,0.8,,0.6181538105010986
16,15mT200,4,analog,0.9,,0.6181538105010986
16,15mT200,4,analog,0.95,,0.6181538105010986
16,15mT200,4,binary,0.8,256,0.8441539406776428
16,15mT200,4,binary,0.9,1024,0.9055383801460266
16,15mT200,4,binary,0.95,,0.9080513119697571
16,15mT200,4,ternary,0.8,256,0.8239488005638123
16,15mT200,4,ternary,0.9,,0.8981539607048035
16,15mT200,4,ternary,0.95,,0.8981539607048035
16,15mT200,8,analog,0.8,256,0.8307179808616638
16,15mT200,8,analog,0.9,1024,0.9035897850990295
16,15mT200,8,analog,0.95,,0.9101539254188538
16,15mT200,8,binary,0.8,512,0.8396410346031189
16,15mT200,8,binary,0.9,2048,0.933538556098938
16,15mT200,8,binary,0.95,,0.933538556098938
16,15mT200,8,ternary,0.8,512,0.8382051587104797
16,15mT200,8,ternary,0.9,1024,0.902102530002594
16,15mT200,8,ternary,0.95,,0.9489743709564209
16,30mT500,1,analog,0.8,,0.45523080229759216
16,30mT500,1,analog,0.9,,0.45523080229759216
16,30mT500,1,analog,0.95,,0.45523080229759216
16,30mT500,1,binary,0.8,2048,0.8111282587051392
16,30mT500,1,binary,0.9,,0.8111282587051392
16,30mT500,1,binary,0.95,,0.8111282587051392
16,30mT500,1,ternary,0.8,256,0.8038461804389954
16,30mT500,1,ternary,0.9,2048,0.9220512509346008
16,30mT500,1,ternary,0.95,,0.9220512509346008
16,30mT500,2,analog,0.8,,0.5327692031860352
16,30mT500,2,analog,0.9,,0.5327692031860352
16,30mT500,2,analog,0.95,,0.5327692031860352
16,30mT500,2,binary,0.8,1024,0.8548204302787781
16,30mT500,2,binary,0.9,,0.8815897703170776
16,30mT500,2,binary,0.95,,0.8815897703170776
16,30mT500,2,ternary,0.8,512,0.8671281933784485
16,30mT500,2,ternary,0.9,1024,0.9138461947441101
16,30mT500,2,ternary,0.95,,0.9323589205741882
16,30mT500,4,analog,0.8,,0.5376409888267517
16,30mT500,4,analog,0.9,,0.5376409888267517
16,30mT500,4,analog,0.95,,0.5376409888267517
16,30mT500,4,binary,0.8,2048,0.8297436237335205
16,30mT500,4,binary,0.9,,0.8297436237335205
16,30mT500,4,binary,0.95,,0.8297436237335205
16,30mT500,4,ternary,0.8,2048,0.8020000457763672
16,30mT500,4,ternary,0.9,,0.8020000457763672
16,30mT500,4,ternary,0.95,,0.8020000457763672
16,30mT500,8,analog,0.8,2048,0.8138461709022522
16,30mT500,8,analog,0.9,,0.8138461709022522
16,30mT500,8,analog,0.95,,0.8138461709022522
16,30mT500,8,binary,0.8,8,0.8084615468978882
16,30mT500,8,binary,0.9,64,0.9018974304199219
16,30mT500,8,binary,0.95,128,0.9507180452346802
16,30mT500,8,ternary,0.8,16,0.8071281909942627
16,30mT500,8,ternary,0.9,256,0.942717969417572
16,30mT500,8,ternary,0.95,512,0.960974395275116
16,45mT,1,analog,0.8,,0.6613333225250244
16,45mT,1,analog,0.9,,0.6613333225250244
16,45mT,1,analog,0.95,,0.6613333225250244
16,45mT,1,binary,0.8,128,0.8229743242263794
16,45mT,1,binary,0.9,512,0.9429231286048889
16,45mT,1,binary,0.95,1024,0.9673333764076233
16,45mT,1,ternary,0.8,256,0.8215897083282471
16,45mT,1,ternary,0.9,1024,0.915282130241394
16,45mT,1,ternary,0.95,,0.9492308497428894
16,45mT,2,analog,0.8,,0.5935384631156921
16,45mT,2,analog,0.9,,0.5935384631156921
16,45mT,2,analog,0.95,,0.5935384631156921
16,45mT,2,binary,0.8,128,0.8097436428070068
16,45mT,2,binary,0.9,512,0.9322051405906677
16,45mT,2,binary,0.95,1024,0.9584615230560303
16,45mT,2,ternary,0.8,512,0.8756923675537109
16,45mT,2,ternary,0.9,2048,0.9223077297210693
16,45mT,2,ternary,0.95,,0.9223077297210693
16,45mT,4,analog,0.8,,0.5686153769493103
16,45mT,4,analog,0.9,,0.5686153769493103
16,45mT,4,analog,0.95,,0.5686153769493103
16,45mT,4,binary,0.8,512,0.864666759967804
16,45mT,4,binary,0.9,1024,0.9348717331886292
16,45mT,4,binary,0.95,2048,0.9518975019454956
16,45mT,4,ternary,0.8,1024,0.8701538443565369
16,45mT,4,ternary,0.9,2048,0.911384642124176
16,45mT,4,ternary,0.95,,0.911384642124176
16,45mT,8,analog,0.8,,0.5986154079437256
16,45mT,8,analog,0.9,,0.5986154079437256
16,45mT,8,analog,0.95,,0.5986154079437256
16,45mT,8,binary,0.8,256,0.8177948594093323
16,45mT,8,binary,0.9,,0.8842050433158875
16,45mT,8,binary,0.95,,0.8842050433158875
16,45mT,8,ternary,0.8,128,0.8518460988998413
16,45mT,8,ternary,0.9,,0.8973845839500427
16,45mT,8,ternary,0.95,,0.8973845839500427
16,60mT,1,analog,0.8,,0.5670256018638611
16,60mT,1,analog,0.9,,0.5670256018638611
16,60mT,1,analog,0.95,,0.5670256018638611
16,60mT,1,binary,0.8,256,0.8402051329612732
16,60mT,1,binary,0.9,1024,0.9337948560714722
16,60mT,1,binary,0.95,,0.9494360089302063
16,60mT,1,ternary,0.8,256,0.803897500038147
16,60mT,1,ternary,0.9,,0.8894872665405273
16,60mT,1,ternary,0.95,,0.8894872665405273
16,60mT,2,analog,0.8,,0.5463590025901794
16,60mT,2,analog,0.9,,0.5463590025901794
16,60mT,2,analog,0.95,,0.5463590025901794
16,60mT,2,binary,0.8,128,0.8022563457489014
16,60mT,2,binary,0.9,512,0.9403077363967896
16,60mT,2,binary,0.95,2048,0.9623591303825378
16,60mT,2,ternary,0.8,256,0.8100513219833374
16,60mT,2,ternary,0.9,2048,0.9106667041778564
16,60mT,2,ternary,0.95,,0.9106667041778564
16,60mT,4,analog,0.8,,0.6281538605690002
16,60mT,4,analog,0.9,,0.6281538605690002
16,60mT,4,analog,0.95,,0.6281538605690002
16,60mT,4,binary,0.8,256,0.8228206038475037
16,60mT,4,binary,0.9,1024,0.9358974695205688
16,60mT,4,binary,0.95,,0.9491795301437378
16,60mT,4,ternary,0.8,256,0.8190769553184509
16,60mT,4,ternary,0.9,1024,0.9322052001953125
16,60mT,4,ternary,0.95,,0.9478461742401123
16,60mT,8,analog,0.8,,0.5217435956001282
16,60mT,8,analog,0.9,,0.5217435956001282
16,60mT,8,analog,0.95,,0.5217435956001282
16,60mT,8,binary,0.8,128,0.8425129055976868
16,60mT,8,binary,0.9,512,0.9024103283882141
16,60mT,8,binary,0.95,,0.9024103283882141
16,60mT,8,ternary,0.8,128,0.8698461055755615
16,60mT,8,ternary,0.9,,0.894871711730957
16,60mT,8,ternary,0.95,,0.894871711730957
32,45mT_t05,1,analog,0.8,,0.5195761322975159
32,45mT_t05,1,analog,0.9,,0.5195761322975159
32,45mT_t05,1,analog,0.95,,0.5195761322975159
32,45mT_t05,1,binary,0.8,,0.6617710590362549
32,45mT_t05,1,binary,0.9,,0.6617710590362549
32,45mT_t05,1,binary,0.95,,0.6617710590362549
32,45mT_t05,1,ternary,0.8,,0.7268608212471008
32,45mT_t05,1,ternary,0.9,,0.7268608212471008
32,45mT_t05,1,ternary,0.95,,0.7268608212471008
32,45mT_t05,2,analog,0.8,,0.4922012686729431
32,45mT_t05,2,analog,0.9,,0.4922012686729431
32,45mT_t05,2,analog,0.95,,0.4922012686729431
32,45mT_t05,2,binary,0.8,1024,0.8089504241943359
32,45mT_t05,2,binary,0.9,,0.853839099407196
32,45mT_t05,2,binary,0.95,,0.853839099407196
32,45mT_t05,2,ternary,0.8,2048,0.8288089632987976
32,45mT_t05,2,ternary,0.9,,0.8288089632987976
32,45mT_t05,2,ternary,0.95,,0.8288089632987976
32,45mT_t05,4,analog,0.8,,0.6552794575691223
32,45mT_t05,4,analog,0.9,,0.6552794575691223
32,45mT_t05,4,analog,0.95,,0.6552794575691223
32,45mT_t05,4,binary,0.8,1024,0.876591145992279
32,45mT_t05,4,binary,0.9,2048,0.9212449193000793
32,45mT_t05,4,binary,0.95,,0.9212449193000793
32,45mT_t05,4,ternary,0.8,2048,0.8300273418426514
32,45mT_t05,4,ternary,0.9,,0.8300273418426514
32,45mT_t05,4,ternary,0.95,,0.8300273418426514
32,45mT_t05,8,analog,0.8,,0.7809442281723022
32,45mT_t05,8,analog,0.9,,0.7809442281723022
32,45mT_t05,8,analog,0.95,,0.7809442281723022
32,45mT_t05,8,binary,0.8,64,0.8111777901649475
32,45mT_t05,8,binary,0.9,1024,0.910133957862854
32,45mT_t05,8,binary,0.95,,0.9365347027778625
32,45mT_t05,8,ternary,0.8,64,0.8187131285667419
32,45mT_t05,8,ternary,0.9,1024,0.9108033776283264
32,45mT_t05,8,ternary,0.95,,0.9300177693367004
32,45mT_t05,16,analog,0.8,,0.5707183480262756
32,45mT_t05,16,analog,0.9,,0.5707183480262756
32,45mT_t05,16,analog,0.95,,0.5707183480262756
32,45mT_t05,16,binary,0.8,64,0.8447077870368958
32,45mT_t05,16,binary,0.9,256,0.9075576066970825
32,45mT_t05,16,binary,0.95,,0.9075576066970825
32,45mT_t05,16,ternary,0.8,64,0.8534647226333618
32,45mT_t05,16,ternary,0.9,128,0.9163430333137512
32,45mT_t05,16,ternary,0.95,256,0.9524779915809631
