grid,drive,P,K,readout,bal_mean,bal_std,flops_predict_sample,flops_fit_median,median_n_iter,n_train_mean,n_test_mean
16,15mT200,1,2,analog,0.4952820837497711,0.053182631731033325,4,3686.4,3,204,51
16,15mT200,1,2,binary,0.49661538004875183,0.06021447479724884,4,4915.200000000001,4,204,51
16,15mT200,1,2,ternary,0.5020000338554382,0.05463293194770813,4,3686.4,3,204,51
16,15mT200,1,4,analog,0.482461541891098,0.04384588822722435,8,9830.400000000001,4,204,51
16,15mT200,1,4,binary,0.5189231038093567,0.055550891906023026,8,9830.400000000001,4,204,51
16,15mT200,1,4,ternary,0.4893333315849304,0.054949767887592316,8,7372.8,3,204,51
16,15mT200,1,8,analog,0.46323075890541077,0.04928059130907059,16,19660.800000000003,4,204,51
16,15mT200,1,8,binary,0.5605128407478333,0.07453983277082443,16,19660.800000000003,4,204,51
16,15mT200,1,8,ternary,0.47030770778656006,0.06740720570087433,16,19660.800000000003,4,204,51
16,15mT200,1,16,analog,0.4627179205417633,0.061334189027547836,32,49152.0,5,204,51
16,15mT200,1,16,binary,0.5487692356109619,0.046551115810871124,32,39321.600000000006,4,204,51
16,15mT200,1,16,ternary,0.5452820062637329,0.06952238827943802,32,39321.600000000006,4,204,51
16,15mT200,1,32,analog,0.48979485034942627,0.06593312323093414,64,98304.0,5,204,51
16,15mT200,1,32,binary,0.6334871053695679,0.04692254588007927,64,98304.0,5,204,51
16,15mT200,1,32,ternary,0.5882564187049866,0.07580232620239258,64,78643.20000000001,4,204,51
16,15mT200,1,64,analog,0.4427691698074341,0.05419287458062172,128,196608.0,5,204,51
16,15mT200,1,64,binary,0.6319486498832703,0.049725763499736786,128,235929.6,6,204,51
16,15mT200,1,64,ternary,0.6050257086753845,0.07573745399713516,128,196608.0,5,204,51
16,15mT200,1,128,analog,0.4810256361961365,0.05107264593243599,256,471859.2,6,204,51
16,15mT200,1,128,binary,0.5950255990028381,0.06661666929721832,256,1730150.4000000001,22,204,51
16,15mT200,1,128,ternary,0.6160513162612915,0.05892452597618103,256,707788.8,9,204,51
16,15mT200,1,256,analog,0.4183589518070221,0.050127144902944565,512,510866227.20000005,3248,204,51
16,15mT200,1,256,binary,0.6317948698997498,0.07573215663433075,512,27525120.0,175,204,51
16,15mT200,1,256,ternary,0.6588205099105835,0.05496339872479439,512,29727129.6,189,204,51
16,15mT200,1,512,analog,0.43625640869140625,0.04715735465288162,1024,457388851.20000005,1454,204,51
16,15mT200,1,512,binary,0.6550769209861755,0.07655955106019974,1024,27053260.8,86,204,51
16,15mT200,1,512,ternary,0.727794885635376,0.042925432324409485,1024,33659289.6,107,204,51
16,15mT200,1,1024,analog,0.42420515418052673,0.052634626626968384,2048,493879296.0,785,204,51
16,15mT200,1,1024,binary,0.7164615988731384,0.052572332322597504,2048,37119590.4,59,204,51
16,15mT200,1,1024,ternary,0.7517436146736145,0.051398955285549164,2048,48444211.2,77,204,51
16,15mT200,1,2048,analog,0.4329230487346649,0.05938422307372093,4096,952526438.4000001,757,204,51
16,15mT200,1,2048,binary,0.7456923723220825,0.045350976288318634,4096,59139686.400000006,47,204,51
16,15mT200,1,2048,ternary,0.7505640387535095,0.0631447285413742,4096,85563801.60000001,68,204,51
16,15mT200,2,2,analog,0.4879487156867981,0.0488128624856472,4,3686.4,3,204,51
16,15mT200,2,2,binary,0.4735897481441498,0.05411338061094284,4,3686.4,3,204,51
16,15mT200,2,2,ternary,0.49912822246551514,0.040874917060136795,4,4915.200000000001,4,204,51
16,15mT200,2,4,analog,0.45502564311027527,0.048638153821229935,8,7372.8,3,204,51
16,15mT200,2,4,binary,0.5371282696723938,0.06378617137670517,8,7372.8,3,204,51
16,15mT200,2,4,ternary,0.5105640888214111,0.04797062650322914,8,9830.400000000001,4,204,51
16,15mT200,2,8,analog,0.3874872028827667,0.05989304184913635,16,19660.800000000003,4,204,51
16,15mT200,2,8,binary,0.5349231362342834,0.05369120091199875,16,19660.800000000003,4,204,51
16,15mT200,2,8,ternary,0.5437434911727905,0.09066611528396606,16,19660.800000000003,4,204,51
16,15mT200,2,16,analog,0.32158976793289185,0.0665755569934845,32,39321.600000000006,4,204,51
16,15mT200,2,16,binary,0.48558977246284485,0.0662083625793457,32,39321.600000000006,4,204,51
16,15mT200,2,16,ternary,0.5133845806121826,0.05661092326045036,32,39321.600000000006,4,204,51
16,15mT200,2,32,analog,0.31066662073135376,0.07480777055025101,64,98304.0,5,204,51
16,15mT200,2,32,binary,0.5690768957138062,0.04771561920642853,64,98304.0,5,204,51
16,15mT200,2,32,ternary,0.554307758808136,0.0653618648648262,64,78643.20000000001,4,204,51
16,15mT200,2,64,analog,0.36323076486587524,0.06725100427865982,128,196608.0,5,204,51
16,15mT200,2,64,binary,0.606615424156189,0.09520528465509415,128,235929.6,6,204,51
16,15mT200,2,64,ternary,0.6157435774803162,0.07405626028776169,128,196608.0,5,204,51
16,15mT200,2,128,analog,0.4082051217556,0.06446971744298935,256,471859.2,6,204,51
16,15mT200,2,128,binary,0.6258461475372314,0.04990152269601822,256,1258291.2000000002,16,204,51
16,15mT200,2,128,ternary,0.5988205075263977,0.05803954601287842,256,550502.4,7,204,51
16,15mT200,2,256,analog,0.4053846299648285,0.0701044574379921,512,786432000.0,5000,204,51
16,15mT200,2,256,binary,0.6767179369926453,0.06681215018033981,512,36333158.4,231,204,51
16,15mT200,2,256,ternary,0.7073333859443665,0.07696043699979782,512,40737177.6,259,204,51
16,15mT200,2,512,analog,0.4314359128475189,0.04388425126671791,1024,1050358579.2,3339,204,51
16,15mT200,2,512,binary,0.727384626865387,0.05841685086488724,1024,36175872.0,115,204,51
16,15mT200,2,512,ternary,0.7610769867897034,0.054181959480047226,1024,39636172.800000004,126,204,51
16,15mT200,2,1024,analog,0.429999977350235,0.05767761170864105,2048,924214886.4000001,1469,204,51
16,15mT200,2,1024,binary,0.761589765548706,0.07177131623029709,2048,44669337.6,71,204,51
16,15mT200,2,1024,ternary,0.7909743785858154,0.08276649564504623,2048,54106521.6,86,204,51
16,15mT200,2,2048,analog,0.4701538383960724,0.0661044493317604,4096,1259549491.2,1001,204,51
16,15mT200,2,2048,binary,0.8175384402275085,0.05799013748764992,4096,70464307.2,56,204,51
16,15mT200,2,2048,ternary,0.818051278591156,0.053644951432943344,4096,96888422.4,77,204,51
16,15mT200,4,2,analog,0.4558461308479309,0.08795049786567688,4,3686.4,3,204,51
16,15mT200,4,2,binary,0.6164616346359253,0.06663379073143005,4,3686.4,3,204,51
16,15mT200,4,2,ternary,0.5391282439231873,0.051930662244558334,4,3686.4,3,204,51
16,15mT200,4,4,analog,0.4344102442264557,0.055639348924160004,8,4915.200000000001,2,204,51
16,15mT200,4,4,binary,0.6112307906150818,0.07170496135950089,8,7372.8,3,204,51
16,15mT200,4,4,ternary,0.5551282167434692,0.08105161041021347,8,4915.200000000001,2,204,51
16,15mT200,4,8,analog,0.43107694387435913,0.06588184833526611,16,14745.6,3,204,51
16,15mT200,4,8,binary,0.6801538467407227,0.05117413401603699,16,19660.800000000003,4,204,51
16,15mT200,4,8,ternary,0.6393845677375793,0.06842157989740372,16,19660.800000000003,4,204,51
16,15mT200,4,16,analog,0.4258461594581604,0.06482493132352829,32,39321.600000000006,4,204,51
16,15mT200,4,16,binary,0.6951282620429993,0.056761838495731354,32,49152.0,5,204,51
16,15mT200,4,16,ternary,0.6654872298240662,0.06936901062726974,32,39321.600000000006,4,204,51
16,15mT200,4,32,analog,0.4305640757083893,0.08100379258394241,64,78643.20000000001,4,204,51
16,15mT200,4,32,binary,0.6824616193771362,0.05080356076359749,64,117964.8,6,204,51
16,15mT200,4,32,ternary,0.6351795196533203,0.0685001090168953,64,98304.0,5,204,51
16,15mT200,4,64,analog,0.43589743971824646,0.06273872405290604,128,196608.0,5,204,51
16,15mT200,4,64,binary,0.7272307872772217,0.05794087052345276,128,314572.80000000005,8,204,51
16,15mT200,4,64,ternary,0.7160513401031494,0.07474710792303085,128,235929.6,6,204,51
16,15mT200,4,128,analog,0.4632820785045624,0.06631611287593842,256,393216.0,5,204,51
16,15mT200,4,128,binary,0.7803589701652527,0.05346079170703888,256,1258291.2000000002,16,204,51
16,15mT200,4,128,ternary,0.7890256643295288,0.05967462807893753,256,629145.6000000001,8,204,51
16,15mT200,4,256,analog,0.5282564759254456,0.06257931888103485,512,786432000.0,5000,204,51
16,15mT200,4,256,binary,0.8441539406776428,0.044982392340898514,512,77699481.60000001,494,204,51
16,15mT200,4,256,ternary,0.8239488005638123,0.05157929286360741,512,82260787.2,523,204,51
16,15mT200,4,512,analog,0.61394864320755,0.06106862798333168,1024,1572864000.0,5000,204,51
16,15mT200,4,512,binary,0.8782050609588623,0.028586240485310555,1024,66060288.0,210,204,51
16,15mT200,4,512,ternary,0.841179609298706,0.0437438078224659,1024,91226112.0,290,204,51
16,15mT200,4,1024,analog,0.6181538105010986,0.06491250544786453,2048,3145728000.0,5000,204,51
16,15mT200,4,1024,binary,0.9055383801460266,0.03917713463306427,2048,97517568.0,155,204,51
16,15mT200,4,1024,ternary,0.8878974318504333,0.0372130386531353,2048,118908518.4,189,204,51
16,15mT200,4,2048,analog,0.5661025643348694,0.05631376430392265,4096,6291456000.0,5000,204,51
16,15mT200,4,2048,binary,0.9080513119697571,0.03648443520069122,4096,142186905.6,113,204,51
16,15mT200,4,2048,ternary,0.8981539607048035,0.03277776762843132,4096,163577856.0,130,204,51
16,15mT200,8,2,analog,0.5033332705497742,0.06761223077774048,4,1228.8000000000002,1,204,51
16,15mT200,8,2,binary,0.4948205053806305,0.043817322701215744,4,1228.8000000000002,1,204,51
16,15mT200,8,2,ternary,0.524051308631897,0.15528441965579987,4,1228.8000000000002,1,204,51
16,15mT200,8,4,analog,0.5017435550689697,0.07358043640851974,8,9830.400000000001,4,204,51
16,15mT200,8,4,binary,0.5318974256515503,0.05794091150164604,8,4915.200000000001,2,204,51
16,15mT200,8,4,ternary,0.5105127692222595,0.06618345528841019,8,4915.200000000001,2,204,51
16,15mT200,8,8,analog,0.4613846242427826,0.06032796949148178,16,24576.0,5,204,51
16,15mT200,8,8,binary,0.5366154313087463,0.0507255420088768,16,19660.800000000003,4,204,51
16,15mT200,8,8,ternary,0.5412307381629944,0.08835949748754501,16,19660.800000000003,4,204,51
16,15mT200,8,16,analog,0.4648205041885376,0.0455433689057827,32,58982.4,6,204,51
16,15mT200,8,16,binary,0.547743558883667,0.06142839416861534,32,39321.600000000006,4,204,51
16,15mT200,8,16,ternary,0.49174362421035767,0.08923274278640747,32,39321.600000000006,4,204,51
16,15mT200,8,32,analog,0.48707690834999084,0.07044977694749832,64,137625.6,7,204,51
16,15mT200,8,32,binary,0.6137436032295227,0.08392956107854843,64,98304.0,5,204,51
16,15mT200,8,32,ternary,0.6575384736061096,0.06139867752790451,64,98304.0,5,204,51
16,15mT200,8,64,analog,0.6069231033325195,0.07201084494590759,128,196608.0,5,204,51
16,15mT200,8,64,binary,0.6061025261878967,0.0414152629673481,128,235929.6,6,204,51
16,15mT200,8,64,ternary,0.6316410303115845,0.05935143306851387,128,235929.6,6,204,51
16,15mT200,8,128,analog,0.7451282143592834,0.06330394744873047,256,471859.2,6,204,51
16,15mT200,8,128,binary,0.6400512456893921,0.05029574781656265,256,707788.8,9,204,51
16,15mT200,8,128,ternary,0.6821538805961609,0.07221335917711258,256,550502.4,7,204,51
16,15mT200,8,256,analog,0.8307179808616638,0.04533327743411064,512,786432000.0,5000,204,51
16,15mT200,8,256,binary,0.6667179465293884,0.0810563713312149,512,516843110.40000004,3286,204,51
16,15mT200,8,256,ternary,0.7393333911895752,0.04859108477830887,512,230739148.8,1467,204,51
16,15mT200,8,512,analog,0.8813846707344055,0.04317772015929222,1024,1572864000.0,5000,204,51
16,15mT200,8,512,binary,0.8396410346031189,0.029957056045532227,1024,851863142.4000001,2708,204,51
16,15mT200,8,512,ternary,0.8382051587104797,0.051092728972435,1024,335963750.40000004,1068,204,51
16,15mT200,8,1024,analog,0.9035897850990295,0.04012865573167801,2048,3145728000.0,5000,204,51
16,15mT200,8,1024,binary,0.8789743185043335,0.05346434563398361,2048,421527552.0,670,204,51
16,15mT200,8,1024,ternary,0.902102530002594,0.054663728922605515,2048,339738624.0,540,204,51
16,15mT200,8,2048,analog,0.9101539254188538,0.03498457744717598,4096,6291456000.0,5000,204,51
16,15mT200,8,2048,binary,0.933538556098938,0.040269117802381516,4096,351063244.8,279,204,51
16,15mT200,8,2048,ternary,0.9489743709564209,0.02917087823152542,4096,380003942.40000004,302,204,51
16,30mT500,1,2,analog,0.44082048535346985,0.05636207386851311,4,3686.4,3,204,51
16,30mT500,1,2,binary,0.5886666178703308,0.051441896706819534,4,2457.6000000000004,2,204,51
16,30mT500,1,2,ternary,0.5457436442375183,0.06520722061395645,4,1228.8000000000002,1,204,51
16,30mT500,1,4,analog,0.4141538739204407,0.044649675488471985,8,7372.8,3,204,51
16,30mT500,1,4,binary,0.5705127716064453,0.052896883338689804,8,7372.8,3,204,51
16,30mT500,1,4,ternary,0.5510256290435791,0.06117112934589386,8,9830.400000000001,4,204,51
16,30mT500,1,8,analog,0.39446157217025757,0.05207201465964317,16,19660.800000000003,4,204,51
16,30mT500,1,8,binary,0.5455383658409119,0.055156365036964417,16,19660.800000000003,4,204,51
16,30mT500,1,8,ternary,0.5274871587753296,0.06280520558357239,16,19660.800000000003,4,204,51
16,30mT500,1,16,analog,0.34907692670822144,0.058020055294036865,32,39321.600000000006,4,204,51
16,30mT500,1,16,binary,0.5018974542617798,0.05485564097762108,32,39321.600000000006,4,204,51
16,30mT500,1,16,ternary,0.5493333339691162,0.07053352892398834,32,39321.600000000006,4,204,51
16,30mT500,1,32,analog,0.30594873428344727,0.06316657364368439,64,78643.20000000001,4,204,51
16,30mT500,1,32,binary,0.5061538219451904,0.0743720605969429,64,78643.20000000001,4,204,51
16,30mT500,1,32,ternary,0.5926666855812073,0.07277040183544159,64,98304.0,5,204,51
16,30mT500,1,64,analog,0.29405125975608826,0.07086251676082611,128,196608.0,5,204,51
16,30mT500,1,64,binary,0.6317948698997498,0.0670497864484787,128,235929.6,6,204,51
16,30mT500,1,64,ternary,0.647487223148346,0.054831612855196,128,235929.6,6,204,51
16,30mT500,1,128,analog,0.3357948660850525,0.05587945505976677,256,393216.0,5,204,51
16,30mT500,1,128,binary,0.6446667313575745,0.05525302514433861,256,2202009.6,28,204,51
16,30mT500,1,128,ternary,0.7242050766944885,0.04972894489765167,256,786432.0,10,204,51
16,30mT500,1,256,analog,0.3399486839771271,0.049101170152425766,512,786432000.0,5000,204,51
16,30mT500,1,256,binary,0.6864615678787231,0.04840966314077377,512,29412556.8,187,204,51
16,30mT500,1,256,ternary,0.8038461804389954,0.0341351255774498,512,26109542.400000002,166,204,51
16,30mT500,1,512,analog,0.3761538565158844,0.03673134371638298,1024,1301387673.6000001,4137,204,51
16,30mT500,1,512,binary,0.7372819781303406,0.06496904045343399,1024,28940697.6,92,204,51
16,30mT500,1,512,ternary,0.8677948117256165,0.04171555116772652,1024,28940697.6,92,204,51
16,30mT500,1,1024,analog,0.45523080229759216,0.07216691225767136,2048,799644057.6,1271,204,51
16,30mT500,1,1024,binary,0.7954871654510498,0.05038851499557495,2048,36490444.800000004,58,204,51
16,30mT500,1,1024,ternary,0.8859999775886536,0.03676912933588028,2048,39007027.2,62,204,51
16,30mT500,1,2048,analog,0.428512841463089,0.04349292069673538,4096,1014182707.2,806,204,51
16,30mT500,1,2048,binary,0.8111282587051392,0.06232311576604843,4096,55364812.800000004,44,204,51
16,30mT500,1,2048,ternary,0.9220512509346008,0.04361718147993088,4096,61656268.800000004,49,204,51
16,30mT500,2,2,analog,0.44389739632606506,0.053934335708618164,4,4915.200000000001,4,204,51
16,30mT500,2,2,binary,0.4634358584880829,0.04186562821269035,4,3686.4,3,204,51
16,30mT500,2,2,ternary,0.4615897536277771,0.11131329089403152,4,1228.8000000000002,1,204,51
16,30mT500,2,4,analog,0.43400001525878906,0.0472169890999794,8,4915.200000000001,2,204,51
16,30mT500,2,4,binary,0.4941538870334625,0.036095209419727325,8,9830.400000000001,4,204,51
16,30mT500,2,4,ternary,0.4510256350040436,0.09970040619373322,8,7372.8,3,204,51
16,30mT500,2,8,analog,0.38523080945014954,0.0782819464802742,16,19660.800000000003,4,204,51
16,30mT500,2,8,binary,0.5490256547927856,0.060630787163972855,16,19660.800000000003,4,204,51
16,30mT500,2,8,ternary,0.5769743323326111,0.056765876710414886,16,19660.800000000003,4,204,51
16,30mT500,2,16,analog,0.3624102473258972,0.06363658607006073,32,39321.600000000006,4,204,51
16,30mT500,2,16,binary,0.5979487299919128,0.05046267807483673,32,39321.600000000006,4,204,51
16,30mT500,2,16,ternary,0.5887179970741272,0.049862656742334366,32,39321.600000000006,4,204,51
16,30mT500,2,32,analog,0.3455384373664856,0.05302315950393677,64,78643.20000000001,4,204,51
16,30mT500,2,32,binary,0.6476923823356628,0.07240146398544312,64,98304.0,5,204,51
16,30mT500,2,32,ternary,0.6835898160934448,0.06936264783143997,64,98304.0,5,204,51
16,30mT500,2,64,analog,0.40338462591171265,0.07391439378261566,128,196608.0,5,204,51
16,30mT500,2,64,binary,0.6842051148414612,0.049085404723882675,128,275251.2,7,204,51
16,30mT500,2,64,ternary,0.7307178378105164,0.055215176194906235,128,235929.6,6,204,51
16,30mT500,2,128,analog,0.463692307472229,0.06153666600584984,256,393216.0,5,204,51
16,30mT500,2,128,binary,0.6840000152587891,0.05681917071342468,256,2359296.0,30,204,51
16,30mT500,2,128,ternary,0.7201024889945984,0.04565877094864845,256,629145.6000000001,8,204,51
16,30mT500,2,256,analog,0.45420512557029724,0.050339967012405396,512,786432000.0,5000,204,51
16,30mT500,2,256,binary,0.7334871292114258,0.051498156040906906,512,25323110.400000002,161,204,51
16,30mT500,2,256,ternary,0.7785127758979797,0.06481439620256424,512,27053260.8,172,204,51
16,30mT500,2,512,analog,0.4753846526145935,0.06367570906877518,1024,1572864000.0,5000,204,51
16,30mT500,2,512,binary,0.7956923246383667,0.03539220243692398,1024,26109542.400000002,83,204,51
16,30mT500,2,512,ternary,0.8671281933784485,0.03923777490854263,1024,30198988.8,96,204,51
16,30mT500,2,1024,analog,0.5327692031860352,0.07214155048131943,2048,1725746380.8000002,2743,204,51
16,30mT500,2,1024,binary,0.8548204302787781,0.03337961435317993,2048,39007027.2,62,204,51
16,30mT500,2,1024,ternary,0.9138461947441101,0.02360924519598484,2048,42152755.2,67,204,51
16,30mT500,2,2048,analog,0.5262564420700073,0.06850206851959229,4096,1616904192.0,1285,204,51
16,30mT500,2,2048,binary,0.8815897703170776,0.028960248455405235,4096,57881395.2,46,204,51
16,30mT500,2,2048,ternary,0.9323589205741882,0.03889749199151993,4096,64172851.2,51,204,51
16,30mT500,4,2,analog,0.5346153974533081,0.06646616011857986,4,2457.6000000000004,2,204,51
16,30mT500,4,2,binary,0.5514872074127197,0.05765604227781296,4,2457.6000000000004,2,204,51
16,30mT500,4,2,ternary,0.5299999713897705,0.10377185791730881,4,1228.8000000000002,1,204,51
16,30mT500,4,4,analog,0.5214359164237976,0.07580149918794632,8,9830.400000000001,4,204,51
16,30mT500,4,4,binary,0.5931282639503479,0.05157439410686493,8,7372.8,3,204,51
16,30mT500,4,4,ternary,0.5374358892440796,0.09535303711891174,8,9830.400000000001,4,204,51
16,30mT500,4,8,analog,0.46948719024658203,0.06096247583627701,16,34406.4,7,204,51
16,30mT500,4,8,binary,0.5879999995231628,0.07600570470094681,16,19660.800000000003,4,204,51
16,30mT500,4,8,ternary,0.5170256495475769,0.08537138998508453,16,19660.800000000003,4,204,51
16,30mT500,4,16,analog,0.4161025881767273,0.07174821943044662,32,78643.20000000001,8,204,51
16,30mT500,4,16,binary,0.5685641169548035,0.0643920823931694,32,49152.0,5,204,51
16,30mT500,4,16,ternary,0.5145127773284912,0.06887135654687881,32,39321.600000000006,4,204,51
16,30mT500,4,32,analog,0.4092307686805725,0.0599236860871315,64,176947.2,9,204,51
16,30mT500,4,32,binary,0.6017948985099792,0.0653720498085022,64,98304.0,5,204,51
16,30mT500,4,32,ternary,0.5116410851478577,0.04231736436486244,64,98304.0,5,204,51
16,30mT500,4,64,analog,0.4693846106529236,0.07166225463151932,128,196608.0,5,204,51
16,30mT500,4,64,binary,0.6275385022163391,0.05034179240465164,128,275251.2,7,204,51
16,30mT500,4,64,ternary,0.5401026010513306,0.06395132839679718,128,196608.0,5,204,51
16,30mT500,4,128,analog,0.47815388441085815,0.047644976526498795,256,471859.2,6,204,51
16,30mT500,4,128,binary,0.6234872341156006,0.05527900904417038,256,943718.4,12,204,51
16,30mT500,4,128,ternary,0.5705641508102417,0.0793093740940094,256,550502.4,7,204,51
16,30mT500,4,256,analog,0.5169231295585632,0.06269490718841553,512,786432000.0,5000,204,51
16,30mT500,4,256,binary,0.698358952999115,0.05306382104754448,512,151152230.4,961,204,51
16,30mT500,4,256,ternary,0.6431282162666321,0.0674169585108757,512,128974848.0,820,204,51
16,30mT500,4,512,analog,0.532410204410553,0.06481584161520004,1024,1572864000.0,5000,204,51
16,30mT500,4,512,binary,0.7362051606178284,0.06047182157635689,1024,91540684.80000001,291,204,51
16,30mT500,4,512,ternary,0.7154359221458435,0.05132291093468666,1024,105696460.80000001,336,204,51
16,30mT500,4,1024,analog,0.5376409888267517,0.09389550983905792,2048,3145728000.0,5000,204,51
16,30mT500,4,1024,binary,0.785487174987793,0.0618867501616478,2048,111987916.80000001,178,204,51
16,30mT500,4,1024,ternary,0.7722563147544861,0.051640141755342484,2048,108213043.2,172,204,51
16,30mT500,4,2048,analog,0.5288204550743103,0.08653116226196289,4096,6291456000.0,5000,204,51
16,30mT500,4,2048,binary,0.8297436237335205,0.0423702672123909,4096,115762790.4,92,204,51
16,30mT500,4,2048,ternary,0.8020000457763672,0.04395066574215889,4096,137153740.8,109,204,51
16,30mT500,8,2,analog,0.44564101099967957,0.07055579870939255,4,3686.4,3,204,51
16,30mT500,8,2,binary,0.5457435846328735,0.05480959638953209,4,1228.8000000000002,1,204,51
16,30mT500,8,2,ternary,0.4726153612136841,0.12938080728054047,4,1228.8000000000002,1,204,51
16,30mT500,8,4,analog,0.487435907125473,0.06565263867378235,8,7372.8,3,204,51
16,30mT500,8,4,binary,0.6105641722679138,0.06870253384113312,8,7372.8,3,204,51
16,30mT500,8,4,ternary,0.5391795039176941,0.07712101191282272,8,2457.6000000000004,1,204,51
16,30mT500,8,8,analog,0.5174871683120728,0.06652279943227768,16,19660.800000000003,4,204,51
16,30mT500,8,8,binary,0.8084615468978882,0.04813196882605553,16,24576.0,5,204,51
16,30mT500,8,8,ternary,0.6578973531723022,0.08792208880186081,16,19660.800000000003,4,204,51
16,30mT500,8,16,analog,0.617435872554779,0.05647338554263115,32,39321.600000000006,4,204,51
16,30mT500,8,16,binary,0.850974440574646,0.02387090027332306,32,58982.4,6,204,51
16,30mT500,8,16,ternary,0.8071281909942627,0.044670574367046356,32,49152.0,5,204,51
16,30mT500,8,32,analog,0.6787691712379456,0.06018957495689392,64,98304.0,5,204,51
16,30mT500,8,32,binary,0.8679999709129333,0.035451214760541916,64,157286.40000000002,8,204,51
16,30mT500,8,32,ternary,0.8907179236412048,0.0543641522526741,64,117964.8,6,204,51
16,30mT500,8,64,analog,0.7084102630615234,0.04770509526133537,128,235929.6,6,204,51
16,30mT500,8,64,binary,0.9018974304199219,0.04214080795645714,128,471859.2,12,204,51
16,30mT500,8,64,ternary,0.8816922307014465,0.04498010873794556,128,275251.2,7,204,51
16,30mT500,8,128,analog,0.7369743585586548,0.060788679867982864,256,471859.2,6,204,51
16,30mT500,8,128,binary,0.9507180452346802,0.020924333482980728,256,4168089.6,53,204,51
16,30mT500,8,128,ternary,0.8905128240585327,0.05163952335715294,256,629145.6000000001,8,204,51
16,30mT500,8,256,analog,0.7432307600975037,0.05148845911026001,512,786432000.0,5000,204,51
16,30mT500,8,256,binary,0.9713333249092102,0.018826451152563095,512,34917580.800000004,222,204,51
16,30mT500,8,256,ternary,0.942717969417572,0.033246271312236786,512,56465817.6,359,204,51
16,30mT500,8,512,analog,0.7704102993011475,0.04368966072797775,1024,1572864000.0,5000,204,51
16,30mT500,8,512,binary,0.9659487009048462,0.02095824107527733,1024,59768832.0,190,204,51
16,30mT500,8,512,ternary,0.960974395275116,0.02575482428073883,1024,73295462.4,233,204,51
16,30mT500,8,1024,analog,0.7795897126197815,0.06335203349590302,2048,2146644787.2,3412,204,51
16,30mT500,8,1024,binary,0.9687179327011108,0.023593634366989136,2048,92484403.2,147,204,51
16,30mT500,8,1024,ternary,0.9635897278785706,0.026658277958631516,2048,147849216.0,235,204,51
16,30mT500,8,2048,analog,0.8138461709022522,0.047058653086423874,4096,3940968038.4,3132,204,51
16,30mT500,8,2048,binary,0.9621025919914246,0.02220127172768116,4096,173644185.60000002,138,204,51
16,30mT500,8,2048,ternary,0.9648717641830444,0.027886303141713142,4096,254174822.4,202,204,51
16,45mT,1,2,analog,0.4325641095638275,0.055537302047014236,4,3686.4,3,204,51
16,45mT,1,2,binary,0.5636922717094421,0.05495573952794075,4,3686.4,3,204,51
16,45mT,1,2,ternary,0.5161025524139404,0.07945845276117325,4,1228.8000000000002,1,204,51
16,45mT,1,4,analog,0.44317948818206787,0.0554065927863121,8,9830.400000000001,4,204,51
16,45mT,1,4,binary,0.5624615550041199,0.04472065344452858,8,9830.400000000001,4,204,51
16,45mT,1,4,ternary,0.5809743404388428,0.0787733718752861,8,9830.400000000001,4,204,51
16,45mT,1,8,analog,0.42461538314819336,0.04856197163462639,16,19660.800000000003,4,204,51
16,45mT,1,8,binary,0.6682051420211792,0.04792635887861252,16,19660.800000000003,4,204,51
16,45mT,1,8,ternary,0.608102560043335,0.055598482489585876,16,19660.800000000003,4,204,51
16,45mT,1,16,analog,0.36974361538887024,0.04657132923603058,32,39321.600000000006,4,204,51
16,45mT,1,16,binary,0.6716922521591187,0.04768834263086319,32,39321.600000000006,4,204,51
16,45mT,1,16,ternary,0.6202051639556885,0.06330880522727966,32,39321.600000000006,4,204,51
16,45mT,1,32,analog,0.381846159696579,0.05489872768521309,64,78643.20000000001,4,204,51
16,45mT,1,32,binary,0.7218974232673645,0.04613577947020531,64,98304.0,5,204,51
16,45mT,1,32,ternary,0.6827693581581116,0.08323432505130768,64,98304.0,5,204,51
16,45mT,1,64,analog,0.4076923131942749,0.06009787693619728,128,196608.0,5,204,51
16,45mT,1,64,binary,0.7554872035980225,0.049550946801900864,128,314572.80000000005,8,204,51
16,45mT,1,64,ternary,0.7278974652290344,0.06961685419082642,128,235929.6,6,204,51
16,45mT,1,128,analog,0.3814872205257416,0.05936313048005104,256,471859.2,6,204,51
16,45mT,1,128,binary,0.8229743242263794,0.037574250251054764,256,6527385.600000001,83,204,51
16,45mT,1,128,ternary,0.7789230346679688,0.05898737534880638,256,786432.0,10,204,51
16,45mT,1,256,analog,0.4074872136116028,0.06885909289121628,512,786432000.0,5000,204,51
16,45mT,1,256,binary,0.890410304069519,0.041986070573329926,512,17301504.0,110,204,51
16,45mT,1,256,ternary,0.8215897083282471,0.0575505867600441,512,24851251.200000003,158,204,51
16,45mT,1,512,analog,0.5547692179679871,0.06441065669059753,1024,1572864000.0,5000,204,51
16,45mT,1,512,binary,0.9429231286048889,0.030279695987701416,1024,21705523.200000003,69,204,51
16,45mT,1,512,ternary,0.8894872069358826,0.04935135319828987,1024,30198988.8,96,204,51
16,45mT,1,1024,analog,0.6063589453697205,0.062351346015930176,2048,1481008742.4,2354,204,51
16,45mT,1,1024,binary,0.9673333764076233,0.02265228144824505,2048,30828134.400000002,49,204,51
16,45mT,1,1024,ternary,0.915282130241394,0.038397759199142456,2048,42781900.800000004,68,204,51
16,45mT,1,2048,analog,0.6613333225250244,0.07838732749223709,4096,1097229926.4,872,204,51
16,45mT,1,2048,binary,0.9778461456298828,0.0171895083039999,4096,49073356.800000004,39,204,51
16,45mT,1,2048,ternary,0.9492308497428894,0.026583202183246613,4096,69206016.0,55,204,51
16,45mT,2,2,analog,0.43682047724723816,0.06146140396595001,4,3686.4,3,204,51
16,45mT,2,2,binary,0.5245640873908997,0.05891355499625206,4,3686.4,3,204,51
16,45mT,2,2,ternary,0.6055384278297424,0.057161107659339905,4,4915.200000000001,4,204,51
16,45mT,2,4,analog,0.42861536145210266,0.05989813432097435,8,7372.8,3,204,51
16,45mT,2,4,binary,0.6068204641342163,0.061724625527858734,8,9830.400000000001,4,204,51
16,45mT,2,4,ternary,0.6077436208724976,0.0625402182340622,8,7372.8,3,204,51
16,45mT,2,8,analog,0.38943585753440857,0.04122624173760414,16,19660.800000000003,4,204,51
16,45mT,2,8,binary,0.5976923108100891,0.06433148682117462,16,19660.800000000003,4,204,51
16,45mT,2,8,ternary,0.6001538038253784,0.056048862636089325,16,19660.800000000003,4,204,51
16,45mT,2,16,analog,0.43128204345703125,0.05157225951552391,32,39321.600000000006,4,204,51
16,45mT,2,16,binary,0.6310769319534302,0.06687431037425995,32,39321.600000000006,4,204,51
16,45mT,2,16,ternary,0.6444615125656128,0.06611578911542892,32,39321.600000000006,4,204,51
16,45mT,2,32,analog,0.4116922914981842,0.058443453162908554,64,78643.20000000001,4,204,51
16,45mT,2,32,binary,0.6913846731185913,0.04759642854332924,64,98304.0,5,204,51
16,45mT,2,32,ternary,0.6455897092819214,0.08571060746908188,64,98304.0,5,204,51
16,45mT,2,64,analog,0.46476924419403076,0.07270387560129166,128,196608.0,5,204,51
16,45mT,2,64,binary,0.7576923370361328,0.05537037178874016,128,314572.80000000005,8,204,51
16,45mT,2,64,ternary,0.6551795601844788,0.07355684787034988,128,235929.6,6,204,51
16,45mT,2,128,analog,0.44774359464645386,0.0626920536160469,256,471859.2,6,204,51
16,45mT,2,128,binary,0.8097436428070068,0.04957146942615509,256,6841958.4,87,204,51
16,45mT,2,128,ternary,0.7026666402816772,0.0684652030467987,256,629145.6000000001,8,204,51
16,45mT,2,256,analog,0.4726153612136841,0.05101633444428444,512,786432000.0,5000,204,51
16,45mT,2,256,binary,0.8932820558547974,0.038637008517980576,512,22806528.0,145,204,51
16,45mT,2,256,ternary,0.7975385785102844,0.04247862845659256,512,28940697.6,184,204,51
16,45mT,2,512,analog,0.46441030502319336,0.05469836667180061,1024,1572864000.0,5000,204,51
16,45mT,2,512,binary,0.9322051405906677,0.028295235708355904,1024,23592960.0,75,204,51
16,45mT,2,512,ternary,0.8756923675537109,0.04781687632203102,1024,31142707.200000003,99,204,51
16,45mT,2,1024,analog,0.5570769906044006,0.07765711098909378,2048,2648702976.0,4210,204,51
16,45mT,2,1024,binary,0.9584615230560303,0.03808948025107384,2048,32715571.200000003,52,204,51
16,45mT,2,1024,ternary,0.8937435746192932,0.04333699494600296,2048,44040192.0,70,204,51
16,45mT,2,2048,analog,0.5935384631156921,0.05917499586939812,4096,2013265920.0,1600,204,51
16,45mT,2,2048,binary,0.9703589081764221,0.028233828023076057,4096,51589939.2,41,204,51
16,45mT,2,2048,ternary,0.9223077297210693,0.02544591575860977,4096,72980889.60000001,58,204,51
16,45mT,4,2,analog,0.45707693696022034,0.06488114595413208,4,4915.200000000001,4,204,51
16,45mT,4,2,binary,0.5629742741584778,0.050645433366298676,4,3686.4,3,204,51
16,45mT,4,2,ternary,0.5537435412406921,0.06556317955255508,4,3686.4,3,204,51
16,45mT,4,4,analog,0.44656410813331604,0.061840832233428955,8,9830.400000000001,4,204,51
16,45mT,4,4,binary,0.5709230303764343,0.03952997550368309,8,7372.8,3,204,51
16,45mT,4,4,ternary,0.6234871745109558,0.09403631836175919,8,9830.400000000001,4,204,51
16,45mT,4,8,analog,0.39574363827705383,0.03763822838664055,16,19660.800000000003,4,204,51
16,45mT,4,8,binary,0.5848205089569092,0.06039807200431824,16,19660.800000000003,4,204,51
16,45mT,4,8,ternary,0.5807179808616638,0.07165084779262543,16,19660.800000000003,4,204,51
16,45mT,4,16,analog,0.3987179398536682,0.050112031400203705,32,39321.600000000006,4,204,51
16,45mT,4,16,binary,0.5533333420753479,0.08156829327344894,32,39321.600000000006,4,204,51
16,45mT,4,16,ternary,0.6231794953346252,0.06765376031398773,32,39321.600000000006,4,204,51
16,45mT,4,32,analog,0.3998461067676544,0.07116567343473434,64,98304.0,5,204,51
16,45mT,4,32,binary,0.5559999942779541,0.0489254966378212,64,98304.0,5,204,51
16,45mT,4,32,ternary,0.6173846125602722,0.05619409680366516,64,98304.0,5,204,51
16,45mT,4,64,analog,0.35964104533195496,0.0652126669883728,128,196608.0,5,204,51
16,45mT,4,64,binary,0.6432307958602905,0.04755082353949547,128,235929.6,6,204,51
16,45mT,4,64,ternary,0.6669743657112122,0.07463809847831726,128,235929.6,6,204,51
16,45mT,4,128,analog,0.40646159648895264,0.060060322284698486,256,393216.0,5,204,51
16,45mT,4,128,binary,0.6642051935195923,0.04888569936156273,256,1415577.6,18,204,51
16,45mT,4,128,ternary,0.6672307848930359,0.07890212535858154,256,629145.6000000001,8,204,51
16,45mT,4,256,analog,0.4023589789867401,0.06259004026651382,512,786432000.0,5000,204,51
16,45mT,4,256,binary,0.7431281805038452,0.04314596951007843,512,35232153.6,224,204,51
16,45mT,4,256,ternary,0.7497949600219727,0.07583823055028915,512,42624614.400000006,271,204,51
16,45mT,4,512,analog,0.46774357557296753,0.03854500502347946,1024,1572864000.0,5000,204,51
16,45mT,4,512,binary,0.864666759967804,0.05511648952960968,1024,33973862.4,108,204,51
16,45mT,4,512,ternary,0.7922050952911377,0.06416378915309906,1024,45298483.2,144,204,51
16,45mT,4,1024,analog,0.5010769367218018,0.06046617776155472,2048,3145728000.0,5000,204,51
16,45mT,4,1024,binary,0.9348717331886292,0.04307020455598831,2048,41523609.6,66,204,51
16,45mT,4,1024,ternary,0.8701538443565369,0.04478764533996582,2048,59768832.0,95,204,51
16,45mT,4,2048,analog,0.5686153769493103,0.055647656321525574,4096,2263665868.8,1799,204,51
16,45mT,4,2048,binary,0.9518975019454956,0.04467446357011795,4096,62914560.0,50,204,51
16,45mT,4,2048,ternary,0.911384642124176,0.026510687544941902,4096,91855257.60000001,73,204,51
16,45mT,8,2,analog,0.46912819147109985,0.0614023320376873,4,3686.4,3,204,51
16,45mT,8,2,binary,0.5163077116012573,0.07355240732431412,4,3686.4,3,204,51
16,45mT,8,2,ternary,0.5201025605201721,0.058266788721084595,4,1228.8000000000002,1,204,51
16,45mT,8,4,analog,0.40779489278793335,0.060860924422740936,8,9830.400000000001,4,204,51
16,45mT,8,4,binary,0.5883589386940002,0.07921700924634933,8,9830.400000000001,4,204,51
16,45mT,8,4,ternary,0.509128212928772,0.0867365300655365,8,9830.400000000001,4,204,51
16,45mT,8,8,analog,0.41507694125175476,0.06421905010938644,16,19660.800000000003,4,204,51
16,45mT,8,8,binary,0.587589681148529,0.07026682049036026,16,19660.800000000003,4,204,51
16,45mT,8,8,ternary,0.5501538515090942,0.06898143142461777,16,19660.800000000003,4,204,51
16,45mT,8,16,analog,0.3413333296775818,0.07212823629379272,32,39321.600000000006,4,204,51
16,45mT,8,16,binary,0.6128206253051758,0.09410835802555084,32,39321.600000000006,4,204,51
16,45mT,8,16,ternary,0.6428717374801636,0.07937648892402649,32,49152.0,5,204,51
16,45mT,8,32,analog,0.33210259675979614,0.0667276605963707,64,98304.0,5,204,51
16,45mT,8,32,binary,0.707487165927887,0.0593724362552166,64,98304.0,5,204,51
16,45mT,8,32,ternary,0.7923077344894409,0.053587656468153,64,98304.0,5,204,51
16,45mT,8,64,analog,0.3258974254131317,0.05365435406565666,128,196608.0,5,204,51
16,45mT,8,64,binary,0.7390257120132446,0.07628373056650162,128,314572.80000000005,8,204,51
16,45mT,8,64,ternary,0.7958974838256836,0.05849774181842804,128,275251.2,7,204,51
16,45mT,8,128,analog,0.38528206944465637,0.06210627034306526,256,471859.2,6,204,51
16,45mT,8,128,binary,0.755794882774353,0.05990516394376755,256,4561305.600000001,58,204,51
16,45mT,8,128,ternary,0.8518460988998413,0.04724421352148056,256,786432.0,10,204,51
16,45mT,8,256,analog,0.44641023874282837,0.0713585615158081,512,786432000.0,5000,204,51
16,45mT,8,256,binary,0.8177948594093323,0.06512913852930069,512,351849676.8,2237,204,51
16,45mT,8,256,ternary,0.8663076758384705,0.05800237879157066,512,60555264.0,385,204,51
16,45mT,8,512,analog,0.4682050943374634,0.051285386085510254,1024,1572864000.0,5000,204,51
16,45mT,8,512,binary,0.8464102149009705,0.05295650288462639,1024,926731468.8000001,2946,204,51
16,45mT,8,512,ternary,0.894871711730957,0.050280213356018066,1024,106011033.60000001,337,204,51
16,45mT,8,1024,analog,0.48133331537246704,0.06756192445755005,2048,3145728000.0,5000,204,51
16,45mT,8,1024,binary,0.860820472240448,0.04863539710640907,2048,866962636.8000001,1378,204,51
16,45mT,8,1024,ternary,0.8973845839500427,0.050156209617853165,2048,179306496.0,285,204,51
16,45mT,8,2048,analog,0.5986154079437256,0.06240176036953926,4096,6291456000.0,5000,204,51
16,45mT,8,2048,binary,0.8842050433158875,0.04302274063229561,4096,1274648985.6000001,1013,204,51
16,45mT,8,2048,ternary,0.8816922307014465,0.05006757751107216,4096,279340646.40000004,222,204,51
16,15mT1100,1,2,analog,0.43456414341926575,0.06375833600759506,4,3686.4,3,204,51
16,15mT1100,1,2,binary,0.43758976459503174,0.03641408309340477,4,1228.8000000000002,1,204,51
16,15mT1100,1,2,ternary,0.4982564151287079,0.04631805792450905,4,1228.8000000000002,1,204,51
16,15mT1100,1,4,analog,0.4284615218639374,0.0493108294904232,8,7372.8,3,204,51
16,15mT1100,1,4,binary,0.608102560043335,0.05537952855229378,8,9830.400000000001,4,204,51
16,15mT1100,1,4,ternary,0.5100513100624084,0.06072245538234711,8,9830.400000000001,4,204,51
16,15mT1100,1,8,analog,0.42328202724456787,0.08377224206924438,16,19660.800000000003,4,204,51
16,15mT1100,1,8,binary,0.6220512986183167,0.04525855556130409,16,19660.800000000003,4,204,51
16,15mT1100,1,8,ternary,0.583640992641449,0.07509491592645645,16,19660.800000000003,4,204,51
16,15mT1100,1,16,analog,0.3965640366077423,0.0662086009979248,32,39321.600000000006,4,204,51
16,15mT1100,1,16,binary,0.6538461446762085,0.050629954785108566,32,49152.0,5,204,51
16,15mT1100,1,16,ternary,0.641487181186676,0.06253896653652191,32,39321.600000000006,4,204,51
16,15mT1100,1,32,analog,0.6077948808670044,0.06771437078714371,64,98304.0,5,204,51
16,15mT1100,1,32,binary,0.7163589000701904,0.04501015692949295,64,98304.0,5,204,51
16,15mT1100,1,32,ternary,0.7627692818641663,0.04946642741560936,64,98304.0,5,204,51
16,15mT1100,1,64,analog,0.6828718185424805,0.06175824627280235,128,235929.6,6,204,51
16,15mT1100,1,64,binary,0.7323588728904724,0.05090848356485367,128,353894.4,9,204,51
16,15mT1100,1,64,ternary,0.7967179417610168,0.04572749882936478,128,275251.2,7,204,51
16,15mT1100,1,128,analog,0.7703589797019958,0.06665100902318954,256,786432.0,10,204,51
16,15mT1100,1,128,binary,0.7673333287239075,0.049667831510305405,256,6999244.800000001,89,204,51
16,15mT1100,1,128,ternary,0.8205640912055969,0.04989572986960411,256,1101004.8,14,204,51
16,15mT1100,1,256,analog,0.7825128436088562,0.0750066265463829,512,710462668.8000001,4517,204,51
16,15mT1100,1,256,binary,0.7892820835113525,0.04433640465140343,512,47500492.800000004,302,204,51
16,15mT1100,1,256,ternary,0.838358998298645,0.047091227024793625,512,41209036.800000004,262,204,51
16,15mT1100,1,512,analog,0.7965128421783447,0.06845830380916595,1024,1572864000.0,5000,204,51
16,15mT1100,1,512,binary,0.8386666178703308,0.05113193020224571,1024,55050240.0,175,204,51
16,15mT1100,1,512,ternary,0.8426666855812073,0.050347015261650085,1024,57252249.6,182,204,51
16,15mT1100,1,1024,analog,0.8054872155189514,0.07240139693021774,2048,3145728000.0,5000,204,51
16,15mT1100,1,1024,binary,0.8451794981956482,0.04939114302396774,2048,90596966.4,144,204,51
16,15mT1100,1,1024,ternary,0.8595384359359741,0.04562414065003395,2048,83676364.80000001,133,204,51
16,15mT1100,1,2048,analog,0.8070257306098938,0.06578782200813293,4096,6291456000.0,5000,204,51
16,15mT1100,1,2048,binary,0.8283590078353882,0.043571218848228455,4096,161061273.60000002,128,204,51
16,15mT1100,1,2048,ternary,0.8569744229316711,0.041418127715587616,4096,147220070.4,117,204,51
16,15mT1100,2,2,analog,0.49589744210243225,0.06114662066102028,4,3686.4,3,204,51
16,15mT1100,2,2,binary,0.5613845586776733,0.058167412877082825,4,3686.4,3,204,51
16,15mT1100,2,2,ternary,0.5347179174423218,0.05407632887363434,4,1228.8000000000002,1,204,51
16,15mT1100,2,4,analog,0.46758976578712463,0.0543847531080246,8,9830.400000000001,4,204,51
16,15mT1100,2,4,binary,0.5468717813491821,0.0658259466290474,8,7372.8,3,204,51
16,15mT1100,2,4,ternary,0.5615385174751282,0.05997106432914734,8,9830.400000000001,4,204,51
16,15mT1100,2,8,analog,0.4849230647087097,0.04773927107453346,16,19660.800000000003,4,204,51
16,15mT1100,2,8,binary,0.5913846492767334,0.06270384043455124,16,19660.800000000003,4,204,51
16,15mT1100,2,8,ternary,0.5550256967544556,0.060714274644851685,16,19660.800000000003,4,204,51
16,15mT1100,2,16,analog,0.5257948637008667,0.05146367847919464,32,39321.600000000006,4,204,51
16,15mT1100,2,16,binary,0.5642564296722412,0.07629118114709854,32,39321.600000000006,4,204,51
16,15mT1100,2,16,ternary,0.5415384769439697,0.06766607612371445,32,39321.600000000006,4,204,51
16,15mT1100,2,32,analog,0.49876925349235535,0.05137539282441139,64,78643.20000000001,4,204,51
16,15mT1100,2,32,binary,0.5808204412460327,0.04911963641643524,64,78643.20000000001,4,204,51
16,15mT1100,2,32,ternary,0.5782051086425781,0.04197554662823677,64,78643.20000000001,4,204,51
16,15mT1100,2,64,analog,0.46035897731781006,0.05883273854851723,128,235929.6,6,204,51
16,15mT1100,2,64,binary,0.557435929775238,0.0454125702381134,128,235929.6,6,204,51
16,15mT1100,2,64,ternary,0.5164615511894226,0.05971516668796539,128,196608.0,5,204,51
16,15mT1100,2,128,analog,0.4850256145000458,0.07991359382867813,256,629145.6000000001,8,204,51
16,15mT1100,2,128,binary,0.5295897722244263,0.04811054840683937,256,1179648.0,15,204,51
16,15mT1100,2,128,ternary,0.5443076491355896,0.0679510235786438,256,629145.6000000001,8,204,51
16,15mT1100,2,256,analog,0.4412820637226105,0.06705743819475174,512,186384384.0,1185,204,51
16,15mT1100,2,256,binary,0.5044102668762207,0.048756908625364304,512,49387929.6,314,204,51
16,15mT1100,2,256,ternary,0.5901538133621216,0.06952882558107376,512,35546726.4,226,204,51
16,15mT1100,2,512,analog,0.40353843569755554,0.06831000000238419,1024,214853222.4,683,204,51
16,15mT1100,2,512,binary,0.447692334651947,0.07474718242883682,1024,49073356.800000004,156,204,51
16,15mT1100,2,512,ternary,0.5744102597236633,0.04976272210478783,1024,42152755.2,134,204,51
16,15mT1100,2,1024,analog,0.3803589940071106,0.06184849143028259,2048,349175808.0,555,204,51
16,15mT1100,2,1024,binary,0.4271794557571411,0.058799076825380325,2048,70464307.2,112,204,51
16,15mT1100,2,1024,ternary,0.5394359230995178,0.059542279690504074,2048,67318579.2,107,204,51
16,15mT1100,2,2048,analog,0.3530256152153015,0.039789844304323196,4096,866962636.8000001,689,204,51
16,15mT1100,2,2048,binary,0.3767179548740387,0.05677906796336174,4096,149736652.8,119,204,51
16,15mT1100,2,2048,ternary,0.4878461956977844,0.049200478941202164,4096,162319564.8,129,204,51
16,15mT1100,4,2,analog,0.4701538383960724,0.05980586260557175,4,3686.4,3,204,51
16,15mT1100,4,2,binary,0.5374358296394348,0.0683191642165184,4,4915.200000000001,4,204,51
16,15mT1100,4,2,ternary,0.4847179353237152,0.07106897234916687,4,1228.8000000000002,1,204,51
16,15mT1100,4,4,analog,0.4272307753562927,0.059702616184949875,8,7372.8,3,204,51
16,15mT1100,4,4,binary,0.5434359312057495,0.06074934080243111,8,7372.8,3,204,51
16,15mT1100,4,4,ternary,0.5207179188728333,0.07161615043878555,8,9830.400000000001,4,204,51
16,15mT1100,4,8,analog,0.4155384600162506,0.05766816809773445,16,19660.800000000003,4,204,51
16,15mT1100,4,8,binary,0.5274871587753296,0.0652855709195137,16,19660.800000000003,4,204,51
16,15mT1100,4,8,ternary,0.5508717894554138,0.06657164543867111,16,19660.800000000003,4,204,51
16,15mT1100,4,16,analog,0.4246666729450226,0.04570936784148216,32,39321.600000000006,4,204,51
16,15mT1100,4,16,binary,0.5592307448387146,0.07982822507619858,32,39321.600000000006,4,204,51
16,15mT1100,4,16,ternary,0.5616922974586487,0.058612629771232605,32,39321.600000000006,4,204,51
16,15mT1100,4,32,analog,0.4346154034137726,0.06567147374153137,64,78643.20000000001,4,204,51
16,15mT1100,4,32,binary,0.5923076868057251,0.03721466287970543,64,98304.0,5,204,51
16,15mT1100,4,32,ternary,0.5542563796043396,0.0719735249876976,64,98304.0,5,204,51
16,15mT1100,4,64,analog,0.41830772161483765,0.06735416501760483,128,196608.0,5,204,51
16,15mT1100,4,64,binary,0.5960000157356262,0.050847023725509644,128,235929.6,6,204,51
16,15mT1100,4,64,ternary,0.5766153931617737,0.0656503215432167,128,235929.6,6,204,51
16,15mT1100,4,128,analog,0.39646151661872864,0.07082539796829224,256,393216.0,5,204,51
16,15mT1100,4,128,binary,0.5719487071037292,0.061694588512182236,256,786432.0,10,204,51
16,15mT1100,4,128,ternary,0.5782051086425781,0.047288332134485245,256,550502.4,7,204,51
16,15mT1100,4,256,analog,0.40169230103492737,0.07682876288890839,512,786432000.0,5000,204,51
16,15mT1100,4,256,binary,0.5937435626983643,0.0439579002559185,512,233884876.8,1487,204,51
16,15mT1100,4,256,ternary,0.5898973941802979,0.060366321355104446,512,99247718.4,631,204,51
16,15mT1100,4,512,analog,0.42687180638313293,0.07322251051664352,1024,1572864000.0,5000,204,51
16,15mT1100,4,512,binary,0.5544102191925049,0.04053046554327011,1024,141243187.20000002,449,204,51
16,15mT1100,4,512,ternary,0.5726154446601868,0.05611049011349678,1024,118593945.60000001,377,204,51
16,15mT1100,4,1024,analog,0.4330768585205078,0.0777270719408989,2048,3145728000.0,5000,204,51
16,15mT1100,4,1024,binary,0.5435897707939148,0.04276873543858528,2048,179935641.60000002,286,204,51
16,15mT1100,4,1024,ternary,0.5688205361366272,0.04646295681595802,2048,157915545.6,251,204,51
16,15mT1100,4,2048,analog,0.4539486765861511,0.05721605569124222,4096,6291456000.0,5000,204,51
16,15mT1100,4,2048,binary,0.5372307300567627,0.057889100164175034,4096,293181849.6,233,204,51
16,15mT1100,4,2048,ternary,0.5726667046546936,0.04536493867635727,4096,268016025.60000002,213,204,51
16,15mT1100,8,2,analog,0.4576922655105591,0.04883010312914848,4,3686.4,3,204,51
16,15mT1100,8,2,binary,0.4650256037712097,0.047122206538915634,4,4915.200000000001,4,204,51
16,15mT1100,8,2,ternary,0.5258974432945251,0.03682001680135727,4,4915.200000000001,4,204,51
16,15mT1100,8,4,analog,0.438871830701828,0.0554528571665287,8,9830.400000000001,4,204,51
16,15mT1100,8,4,binary,0.459846168756485,0.062481995671987534,8,9830.400000000001,4,204,51
16,15mT1100,8,4,ternary,0.5501024723052979,0.09090639650821686,8,9830.400000000001,4,204,51
16,15mT1100,8,8,analog,0.5135384202003479,0.08989927172660828,16,19660.800000000003,4,204,51
16,15mT1100,8,8,binary,0.4976923167705536,0.056744690984487534,16,19660.800000000003,4,204,51
16,15mT1100,8,8,ternary,0.5221025943756104,0.07227575033903122,16,19660.800000000003,4,204,51
16,15mT1100,8,16,analog,0.47548720240592957,0.05599440261721611,32,39321.600000000006,4,204,51
16,15mT1100,8,16,binary,0.5078461766242981,0.0707080066204071,32,39321.600000000006,4,204,51
16,15mT1100,8,16,ternary,0.5153846144676208,0.06256578117609024,32,39321.600000000006,4,204,51
16,15mT1100,8,32,analog,0.4941025972366333,0.07032617926597595,64,98304.0,5,204,51
16,15mT1100,8,32,binary,0.48194870352745056,0.04529270902276039,64,98304.0,5,204,51
16,15mT1100,8,32,ternary,0.56656414270401,0.05821259692311287,64,78643.20000000001,4,204,51
16,15mT1100,8,64,analog,0.510769248008728,0.06124996766448021,128,196608.0,5,204,51
16,15mT1100,8,64,binary,0.5052308440208435,0.06960593909025192,128,196608.0,5,204,51
16,15mT1100,8,64,ternary,0.6133333444595337,0.06176348403096199,128,196608.0,5,204,51
16,15mT1100,8,128,analog,0.4569743573665619,0.06026991829276085,256,471859.2,6,204,51
16,15mT1100,8,128,binary,0.5061025619506836,0.07839637994766235,256,707788.8,9,204,51
16,15mT1100,8,128,ternary,0.5896409749984741,0.05925232172012329,256,550502.4,7,204,51
16,15mT1100,8,256,analog,0.48041024804115295,0.057716481387615204,512,698351616.0,4440,204,51
16,15mT1100,8,256,binary,0.4922563433647156,0.045365460216999054,512,120166809.60000001,764,204,51
16,15mT1100,8,256,ternary,0.5616922974586487,0.0943421944975853,512,126772838.4,806,204,51
16,15mT1100,8,512,analog,0.41251280903816223,0.06721596419811249,1024,464624025.6,1477,204,51
16,15mT1100,8,512,binary,0.4745641052722931,0.04791220650076866,1024,72980889.60000001,232,204,51
16,15mT1100,8,512,ternary,0.568461537361145,0.0849749892950058,1024,75812044.8,241,204,51
16,15mT1100,8,1024,analog,0.4242563843727112,0.04091639816761017,2048,543581798.4,864,204,51
16,15mT1100,8,1024,binary,0.4693846106529236,0.059526871889829636,2048,89338675.2,142,204,51
16,15mT1100,8,1024,ternary,0.5480000376701355,0.07051168382167816,2048,111358771.2,177,204,51
16,15mT1100,8,2048,analog,0.38753843307495117,0.06326562911272049,4096,1108554547.2,881,204,51
16,15mT1100,8,2048,binary,0.45902565121650696,0.07128379493951797,4096,171127603.20000002,136,204,51
16,15mT1100,8,2048,ternary,0.5257435441017151,0.059000130742788315,4096,217684377.60000002,173,204,51
16,60mT,1,2,analog,0.44466668367385864,0.06606043875217438,4,3686.4,3,204,51
16,60mT,1,2,binary,0.582974374294281,0.05192914232611656,4,3686.4,3,204,51
16,60mT,1,2,ternary,0.6474359035491943,0.06741707772016525,4,1228.8000000000002,1,204,51
16,60mT,1,4,analog,0.4395384192466736,0.07346418499946594,8,9830.400000000001,4,204,51
16,60mT,1,4,binary,0.5042051672935486,0.08021021634340286,8,9830.400000000001,4,204,51
16,60mT,1,4,ternary,0.6113846302032471,0.08160480856895447,8,9830.400000000001,4,204,51
16,60mT,1,8,analog,0.39897435903549194,0.05800949037075043,16,19660.800000000003,4,204,51
16,60mT,1,8,binary,0.5346153974533081,0.061329785734415054,16,19660.800000000003,4,204,51
16,60mT,1,8,ternary,0.5746153593063354,0.05647292360663414,16,19660.800000000003,4,204,51
16,60mT,1,16,analog,0.4091795086860657,0.07301642000675201,32,39321.600000000006,4,204,51
16,60mT,1,16,binary,0.6264102458953857,0.05056888237595558,32,39321.600000000006,4,204,51
16,60mT,1,16,ternary,0.6154358386993408,0.057757895439863205,32,39321.600000000006,4,204,51
16,60mT,1,32,analog,0.38656413555145264,0.07395123690366745,64,78643.20000000001,4,204,51
16,60mT,1,32,binary,0.6849744319915771,0.05606340989470482,64,98304.0,5,204,51
16,60mT,1,32,ternary,0.6652308106422424,0.07739046961069107,64,98304.0,5,204,51
16,60mT,1,64,analog,0.4350256621837616,0.07944823056459427,128,196608.0,5,204,51
16,60mT,1,64,binary,0.7021026015281677,0.06151759624481201,128,314572.80000000005,8,204,51
16,60mT,1,64,ternary,0.6551283001899719,0.03353548049926758,128,235929.6,6,204,51
16,60mT,1,128,analog,0.4439487159252167,0.05591968446969986,256,393216.0,5,204,51
16,60mT,1,128,binary,0.7576923370361328,0.05385274812579155,256,2752512.0,35,204,51
16,60mT,1,128,ternary,0.7133333086967468,0.03199317306280136,256,629145.6000000001,8,204,51
16,60mT,1,256,analog,0.45553845167160034,0.07914593070745468,512,786432000.0,5000,204,51
16,60mT,1,256,binary,0.8402051329612732,0.03971939906477928,512,24379392.0,155,204,51
16,60mT,1,256,ternary,0.803897500038147,0.04718879610300064,512,31614566.400000002,201,204,51
16,60mT,1,512,analog,0.5094358921051025,0.06463215500116348,1024,1572864000.0,5000,204,51
16,60mT,1,512,binary,0.8974871039390564,0.04489608108997345,1024,27996979.200000003,89,204,51
16,60mT,1,512,ternary,0.8586666584014893,0.03984730690717697,1024,36175872.0,115,204,51
16,60mT,1,1024,analog,0.5374358296394348,0.06760580837726593,2048,3145728000.0,5000,204,51
16,60mT,1,1024,binary,0.9337948560714722,0.033324021846055984,2048,40265318.400000006,64,204,51
16,60mT,1,1024,ternary,0.8635897040367126,0.05263597518205643,2048,54735667.2,87,204,51
16,60mT,1,2048,analog,0.5670256018638611,0.0739181637763977,4096,5247074304.0,4170,204,51
16,60mT,1,2048,binary,0.9494360089302063,0.021044647321105003,4096,64172851.2,51,204,51
16,60mT,1,2048,ternary,0.8894872665405273,0.036302123218774796,4096,85563801.60000001,68,204,51
16,60mT,2,2,analog,0.4702050983905792,0.06780671328306198,4,3686.4,3,204,51
16,60mT,2,2,binary,0.5201025605201721,0.05054797977209091,4,3686.4,3,204,51
16,60mT,2,2,ternary,0.4945128560066223,0.07006948441267014,4,4915.200000000001,4,204,51
16,60mT,2,4,analog,0.4118461608886719,0.05587869882583618,8,9830.400000000001,4,204,51
16,60mT,2,4,binary,0.49917951226234436,0.0670708417892456,8,9830.400000000001,4,204,51
16,60mT,2,4,ternary,0.45251280069351196,0.06416969001293182,8,9830.400000000001,4,204,51
16,60mT,2,8,analog,0.3975384831428528,0.07014395296573639,16,19660.800000000003,4,204,51
16,60mT,2,8,binary,0.5051795244216919,0.05907202884554863,16,19660.800000000003,4,204,51
16,60mT,2,8,ternary,0.45994868874549866,0.0553678497672081,16,19660.800000000003,4,204,51
16,60mT,2,16,analog,0.33558976650238037,0.05682143568992615,32,39321.600000000006,4,204,51
16,60mT,2,16,binary,0.5129230618476868,0.0678333044052124,32,39321.600000000006,4,204,51
16,60mT,2,16,ternary,0.5033845901489258,0.04862025007605553,32,39321.600000000006,4,204,51
16,60mT,2,32,analog,0.33282050490379333,0.061281945556402206,64,78643.20000000001,4,204,51
16,60mT,2,32,binary,0.6809231042861938,0.07105859369039536,64,98304.0,5,204,51
16,60mT,2,32,ternary,0.5736923217773438,0.0625438392162323,64,78643.20000000001,4,204,51
16,60mT,2,64,analog,0.3899487257003784,0.06605029106140137,128,196608.0,5,204,51
16,60mT,2,64,binary,0.7250769138336182,0.05835334584116936,128,275251.2,7,204,51
16,60mT,2,64,ternary,0.6723076701164246,0.0474027544260025,128,235929.6,6,204,51
16,60mT,2,128,analog,0.41087180376052856,0.07453516870737076,256,393216.0,5,204,51
16,60mT,2,128,binary,0.8022563457489014,0.06605208665132523,256,4561305.600000001,58,204,51
16,60mT,2,128,ternary,0.6848204731941223,0.0430581159889698,256,707788.8,9,204,51
16,60mT,2,256,analog,0.4198974668979645,0.05605778098106384,512,786432000.0,5000,204,51
16,60mT,2,256,binary,0.8515898585319519,0.043025124818086624,512,25637683.200000003,163,204,51
16,60mT,2,256,ternary,0.8100513219833374,0.057210952043533325,512,27839692.8,177,204,51
16,60mT,2,512,analog,0.45902565121650696,0.048626478761434555,1024,1572864000.0,5000,204,51
16,60mT,2,512,binary,0.9403077363967896,0.027660660445690155,1024,27053260.8,86,204,51
16,60mT,2,512,ternary,0.8467179536819458,0.049490079283714294,1024,33659289.6,107,204,51
16,60mT,2,1024,analog,0.5266665816307068,0.06976243853569031,2048,3145728000.0,5000,204,51
16,60mT,2,1024,binary,0.9481026530265808,0.033761974424123764,2048,42152755.2,67,204,51
16,60mT,2,1024,ternary,0.8688205480575562,0.045383188873529434,2048,51589939.2,82,204,51
16,60mT,2,2048,analog,0.5463590025901794,0.06464435905218124,4096,4430443315.2,3521,204,51
16,60mT,2,2048,binary,0.9623591303825378,0.02163616567850113,4096,66689433.6,53,204,51
16,60mT,2,2048,ternary,0.9106667041778564,0.05007123574614525,4096,84305510.4,67,204,51
16,60mT,4,2,analog,0.4372307360172272,0.03164123371243477,4,3686.4,3,204,51
16,60mT,4,2,binary,0.4530256688594818,0.03274005278944969,4,3686.4,3,204,51
16,60mT,4,2,ternary,0.5243076682090759,0.06254736334085464,4,3686.4,3,204,51
16,60mT,4,4,analog,0.4122051000595093,0.06255371123552322,8,9830.400000000001,4,204,51
16,60mT,4,4,binary,0.4872308075428009,0.053821831941604614,8,7372.8,3,204,51
16,60mT,4,4,ternary,0.5453845858573914,0.06232699379324913,8,9830.400000000001,4,204,51
16,60mT,4,8,analog,0.3698461651802063,0.07819320261478424,16,19660.800000000003,4,204,51
16,60mT,4,8,binary,0.5718461275100708,0.06438346207141876,16,19660.800000000003,4,204,51
16,60mT,4,8,ternary,0.5675897598266602,0.06799284368753433,16,19660.800000000003,4,204,51
16,60mT,4,16,analog,0.3399486839771271,0.06967519968748093,32,39321.600000000006,4,204,51
16,60mT,4,16,binary,0.5962563753128052,0.05578266829252243,32,39321.600000000006,4,204,51
16,60mT,4,16,ternary,0.5418974757194519,0.05922834202647209,32,39321.600000000006,4,204,51
16,60mT,4,32,analog,0.32574355602264404,0.07326365262269974,64,78643.20000000001,4,204,51
16,60mT,4,32,binary,0.6345641016960144,0.04566014185547829,64,98304.0,5,204,51
16,60mT,4,32,ternary,0.607846200466156,0.07732266187667847,64,98304.0,5,204,51
16,60mT,4,64,analog,0.42979487776756287,0.08539707213640213,128,157286.40000000002,4,204,51
16,60mT,4,64,binary,0.7175384759902954,0.05700008571147919,128,275251.2,7,204,51
16,60mT,4,64,ternary,0.7006153464317322,0.0608941875398159,128,235929.6,6,204,51
16,60mT,4,128,analog,0.4371795356273651,0.07260965555906296,256,393216.0,5,204,51
16,60mT,4,128,binary,0.7538974285125732,0.051908329129219055,256,5111808.0,65,204,51
16,60mT,4,128,ternary,0.7486666440963745,0.043887488543987274,256,629145.6000000001,8,204,51
16,60mT,4,256,analog,0.47066667675971985,0.06971617043018341,512,786432000.0,5000,204,51
16,60mT,4,256,binary,0.8228206038475037,0.05373077094554901,512,22806528.0,145,204,51
16,60mT,4,256,ternary,0.8190769553184509,0.047350477427244186,512,22491955.200000003,143,204,51
16,60mT,4,512,analog,0.554615318775177,0.08678887039422989,1024,1572864000.0,5000,204,51
16,60mT,4,512,binary,0.8618461489677429,0.04318923130631447,1024,26109542.400000002,83,204,51
16,60mT,4,512,ternary,0.8732308149337769,0.034228838980197906,1024,29569843.200000003,94,204,51
16,60mT,4,1024,analog,0.5977948307991028,0.06369544565677643,2048,1058852044.8000001,1683,204,51
16,60mT,4,1024,binary,0.9358974695205688,0.03426968306303024,2048,39007027.2,62,204,51
16,60mT,4,1024,ternary,0.9322052001953125,0.030180085450410843,2048,43411046.400000006,69,204,51
16,60mT,4,2048,analog,0.6281538605690002,0.05531889945268631,4096,617820979.2,491,204,51
16,60mT,4,2048,binary,0.9491795301437378,0.01953798532485962,4096,55364812.800000004,44,204,51
16,60mT,4,2048,ternary,0.9478461742401123,0.036665983498096466,4096,65431142.400000006,52,204,51
16,60mT,8,2,analog,0.5217435956001282,0.08990351110696793,4,4915.200000000001,4,204,51
16,60mT,8,2,binary,0.5959998965263367,0.051532868295907974,4,4915.200000000001,4,204,51
16,60mT,8,2,ternary,0.5292307734489441,0.03970503434538841,4,1228.8000000000002,1,204,51
16,60mT,8,4,analog,0.47317948937416077,0.06630862504243851,8,9830.400000000001,4,204,51
16,60mT,8,4,binary,0.5843589901924133,0.06076803803443909,8,9830.400000000001,4,204,51
16,60mT,8,4,ternary,0.536051332950592,0.045453544706106186,8,7372.8,3,204,51
16,60mT,8,8,analog,0.3828205466270447,0.051244597882032394,16,19660.800000000003,4,204,51
16,60mT,8,8,binary,0.5876410007476807,0.04446612298488617,16,19660.800000000003,4,204,51
16,60mT,8,8,ternary,0.5535897016525269,0.10125510394573212,16,19660.800000000003,4,204,51
16,60mT,8,16,analog,0.3486666679382324,0.042083293199539185,32,39321.600000000006,4,204,51
16,60mT,8,16,binary,0.6426153182983398,0.06535401940345764,32,39321.600000000006,4,204,51
16,60mT,8,16,ternary,0.6913846731185913,0.09093040972948074,32,39321.600000000006,4,204,51
16,60mT,8,32,analog,0.39512819051742554,0.06042301282286644,64,78643.20000000001,4,204,51
16,60mT,8,32,binary,0.7004615068435669,0.05711112916469574,64,98304.0,5,204,51
16,60mT,8,32,ternary,0.7558461427688599,0.06144402548670769,64,98304.0,5,204,51
16,60mT,8,64,analog,0.4000512957572937,0.06463581323623657,128,157286.40000000002,4,204,51
16,60mT,8,64,binary,0.7876411080360413,0.051575157791376114,128,314572.80000000005,8,204,51
16,60mT,8,64,ternary,0.737743616104126,0.06948412209749222,128,275251.2,7,204,51
16,60mT,8,128,analog,0.42728203535079956,0.06424058973789215,256,393216.0,5,204,51
16,60mT,8,128,binary,0.8425129055976868,0.0463801808655262,256,5190451.2,66,204,51
16,60mT,8,128,ternary,0.8698461055755615,0.0526093915104866,256,707788.8,9,204,51
16,60mT,8,256,analog,0.42594873905181885,0.06587686389684677,512,786432000.0,5000,204,51
16,60mT,8,256,binary,0.8997436761856079,0.04517567902803421,512,288777830.40000004,1836,204,51
16,60mT,8,256,ternary,0.8866665959358215,0.058579277247190475,512,33187430.400000002,211,204,51
16,60mT,8,512,analog,0.4820513427257538,0.05649224668741226,1024,1572864000.0,5000,204,51
16,60mT,8,512,binary,0.9024103283882141,0.03774603083729744,1024,436941619.20000005,1389,204,51
16,60mT,8,512,ternary,0.8882563710212708,0.04732569307088852,1024,57252249.6,182,204,51
16,60mT,8,1024,analog,0.5146153569221497,0.06256011128425598,2048,3145728000.0,5000,204,51
16,60mT,8,1024,binary,0.8866153955459595,0.04839009419083595,2048,519045120.0,825,204,51
16,60mT,8,1024,ternary,0.8881538510322571,0.037743862718343735,2048,96259276.80000001,153,204,51
16,60mT,8,2048,analog,0.510769248008728,0.07005492597818375,4096,6291456000.0,5000,204,51
16,60mT,8,2048,binary,0.894410252571106,0.03739280626177788,4096,717225984.0,570,204,51
16,60mT,8,2048,ternary,0.894871711730957,0.03997105360031128,4096,167352729.60000002,133,204,51
32,45mT_t05,1,2,analog,0.47673389315605164,0.02392374910414219,4,14745.6,3,819,204
32,45mT_t05,1,2,binary,0.4996732473373413,0.021907947957515717,4,19660.800000000003,4,819,204
32,45mT_t05,1,2,ternary,0.4926232695579529,0.03197183832526207,4,14745.6,3,819,204
32,45mT_t05,1,4,analog,0.461374431848526,0.024409564211964607,8,39321.600000000006,4,819,204
32,45mT_t05,1,4,binary,0.49549782276153564,0.027184654027223587,8,39321.600000000006,4,819,204
32,45mT_t05,1,4,ternary,0.4751221239566803,0.027981529012322426,8,39321.600000000006,4,819,204
32,45mT_t05,1,8,analog,0.44074496626853943,0.022609038278460503,16,78643.20000000001,4,819,204
32,45mT_t05,1,8,binary,0.48532262444496155,0.032799169421195984,16,78643.20000000001,4,819,204
32,45mT_t05,1,8,ternary,0.4913478493690491,0.02860252745449543,16,78643.20000000001,4,819,204
32,45mT_t05,1,16,analog,0.4163779318332672,0.03678714483976364,32,157286.40000000002,4,819,204
32,45mT_t05,1,16,binary,0.5289929509162903,0.0209122896194458,32,157286.40000000002,4,819,204
32,45mT_t05,1,16,ternary,0.5149946212768555,0.02768419310450554,32,157286.40000000002,4,819,204
32,45mT_t05,1,32,analog,0.5049146413803101,0.027486205101013184,64,314572.80000000005,4,819,204
32,45mT_t05,1,32,binary,0.5348118543624878,0.023363234475255013,64,314572.80000000005,4,819,204
32,45mT_t05,1,32,ternary,0.5712354779243469,0.02187878079712391,64,314572.80000000005,4,819,204
32,45mT_t05,1,64,analog,0.4873785674571991,0.025164814665913582,128,786432.0,5,819,204
32,45mT_t05,1,64,binary,0.5588584542274475,0.02391149289906025,128,629145.6000000001,4,819,204
32,45mT_t05,1,64,ternary,0.6090837121009827,0.037524525076150894,128,629145.6000000001,4,819,204
32,45mT_t05,1,128,analog,0.47207942605018616,0.03030099719762802,256,1887436.8,6,819,204
32,45mT_t05,1,128,binary,0.579681396484375,0.027186300605535507,256,1572864.0,5,819,204
32,45mT_t05,1,128,ternary,0.6279141902923584,0.03112056851387024,256,1572864.0,5,819,204
32,45mT_t05,1,256,analog,0.46549591422080994,0.027450406923890114,512,4404019.2,7,819,204
32,45mT_t05,1,256,binary,0.5941145420074463,0.027383459731936455,512,3774873.6,6,819,204
32,45mT_t05,1,256,ternary,0.656275749206543,0.0258407611399889,512,3774873.6,6,819,204
32,45mT_t05,1,512,analog,0.4635668694972992,0.03166060522198677,1024,8808038.4,7,819,204
32,45mT_t05,1,512,binary,0.6015737056732178,0.03100179322063923,1024,424044134.40000004,337,819,204
32,45mT_t05,1,512,ternary,0.6679548025131226,0.02738524042069912,1024,37748736.0,30,819,204
32,45mT_t05,1,1024,analog,0.5071800351142883,0.03820694983005524,2048,12582912000.0,5000,819,204
32,45mT_t05,1,1024,binary,0.6542864441871643,0.022553615272045135,2048,510866227.20000005,203,819,204
32,45mT_t05,1,1024,ternary,0.6887651681900024,0.044187746942043304,2048,561197875.2,223,819,204
32,45mT_t05,1,2048,analog,0.5195761322975159,0.02623615600168705,4096,25165824000.0,5000,819,204
32,45mT_t05,1,2048,binary,0.6617710590362549,0.021929800510406494,4096,473117491.20000005,94,819,204
32,45mT_t05,1,2048,ternary,0.7268608212471008,0.021780485287308693,4096,573780787.2,114,819,204
32,45mT_t05,2,2,analog,0.46723461151123047,0.03215870261192322,4,14745.6,3,819,204
32,45mT_t05,2,2,binary,0.47046762704849243,0.02364722453057766,4,14745.6,3,819,204
32,45mT_t05,2,2,ternary,0.4730249345302582,0.07448485493659973,4,4915.200000000001,1,819,204
32,45mT_t05,2,4,analog,0.4515673518180847,0.025574984028935432,8,29491.2,3,819,204
32,45mT_t05,2,4,binary,0.48376163840293884,0.03494959697127342,8,39321.600000000006,4,819,204
32,45mT_t05,2,4,ternary,0.5375658869743347,0.0523066371679306,8,39321.600000000006,4,819,204
32,45mT_t05,2,8,analog,0.44270262122154236,0.025787755846977234,16,78643.20000000001,4,819,204
32,45mT_t05,2,8,binary,0.4946252703666687,0.02989819087088108,16,78643.20000000001,4,819,204
32,45mT_t05,2,8,ternary,0.5093121528625488,0.044207751750946045,16,78643.20000000001,4,819,204
32,45mT_t05,2,16,analog,0.45515263080596924,0.03565042093396187,32,157286.40000000002,4,819,204
32,45mT_t05,2,16,binary,0.5131480693817139,0.036620739847421646,32,157286.40000000002,4,819,204
32,45mT_t05,2,16,ternary,0.5429850220680237,0.022542890161275864,32,157286.40000000002,4,819,204
32,45mT_t05,2,32,analog,0.43266385793685913,0.022454246878623962,64,393216.0,5,819,204
32,45mT_t05,2,32,binary,0.5661590099334717,0.024931633844971657,64,314572.80000000005,4,819,204
32,45mT_t05,2,32,ternary,0.5771813988685608,0.025654355064034462,64,314572.80000000005,4,819,204
32,45mT_t05,2,64,analog,0.4290691018104553,0.029528092592954636,128,786432.0,5,819,204
32,45mT_t05,2,64,binary,0.6068087220191956,0.021350447088479996,128,629145.6000000001,4,819,204
32,45mT_t05,2,64,ternary,0.606789767742157,0.023828919976949692,128,786432.0,5,819,204
32,45mT_t05,2,128,analog,0.4368361234664917,0.0296750720590353,256,1572864.0,5,819,204
32,45mT_t05,2,128,binary,0.6692334413528442,0.021335333585739136,256,1572864.0,5,819,204
32,45mT_t05,2,128,ternary,0.6666443347930908,0.030915074050426483,256,1572864.0,5,819,204
32,45mT_t05,2,256,analog,0.43912366032600403,0.03006172366440296,512,3145728.0,5,819,204
32,45mT_t05,2,256,binary,0.695967435836792,0.02441677451133728,512,5662310.4,9,819,204
32,45mT_t05,2,256,ternary,0.6740972995758057,0.03462386503815651,512,4404019.2,7,819,204
32,45mT_t05,2,512,analog,0.4381115138530731,0.0316946804523468,1024,7549747.2,6,819,204
32,45mT_t05,2,512,binary,0.747756838798523,0.022759048268198967,1024,588880281.6,468,819,204
32,45mT_t05,2,512,ternary,0.7057523131370544,0.0323803536593914,1024,95630131.2,76,819,204
32,45mT_t05,2,1024,analog,0.4726410508155823,0.028368255123496056,2048,12582912000.0,5000,819,204
32,45mT_t05,2,1024,binary,0.8089504241943359,0.025305308401584625,2048,475634073.6,189,819,204
32,45mT_t05,2,1024,ternary,0.7734500765800476,0.02360442280769348,2048,596430028.8000001,237,819,204
32,45mT_t05,2,2048,analog,0.4922012686729431,0.03250962123274803,4096,25165824000.0,5000,819,204
32,45mT_t05,2,2048,binary,0.853839099407196,0.018354469910264015,4096,498283315.20000005,99,819,204
32,45mT_t05,2,2048,ternary,0.8288089632987976,0.03475246950984001,4096,654311424.0,130,819,204
32,45mT_t05,4,2,analog,0.5154260993003845,0.036774661391973495,4,14745.6,3,819,204
32,45mT_t05,4,2,binary,0.4673234224319458,0.02338264323771,4,14745.6,3,819,204
32,45mT_t05,4,2,ternary,0.5203375220298767,0.08824540674686432,4,4915.200000000001,1,819,204
32,45mT_t05,4,4,analog,0.49906399846076965,0.024431953206658363,8,9830.400000000001,1,819,204
32,45mT_t05,4,4,binary,0.4986674189567566,0.034558624029159546,8,29491.2,3,819,204
32,45mT_t05,4,4,ternary,0.5593058466911316,0.05918077751994133,8,9830.400000000001,1,819,204
32,45mT_t05,4,8,analog,0.49057045578956604,0.042155854403972626,16,78643.20000000001,4,819,204
32,45mT_t05,4,8,binary,0.4954533874988556,0.03154292330145836,16,78643.20000000001,4,819,204
32,45mT_t05,4,8,ternary,0.5584967732429504,0.05109882727265358,16,78643.20000000001,4,819,204
32,45mT_t05,4,16,analog,0.5084174275398254,0.024714412167668343,32,157286.40000000002,4,819,204
32,45mT_t05,4,16,binary,0.5090932250022888,0.025580162182450294,32,157286.40000000002,4,819,204
32,45mT_t05,4,16,ternary,0.523329496383667,0.05460759624838829,32,157286.40000000002,4,819,204
32,45mT_t05,4,32,analog,0.48500537872314453,0.027761157602071762,64,393216.0,5,819,204
32,45mT_t05,4,32,binary,0.5064915418624878,0.038357291370630264,64,314572.80000000005,4,819,204
32,45mT_t05,4,32,ternary,0.545596182346344,0.025123005732893944,64,314572.80000000005,4,819,204
32,45mT_t05,4,64,analog,0.5185512900352478,0.029381494969129562,128,943718.4,6,819,204
32,45mT_t05,4,64,binary,0.5875436067581177,0.04290340095758438,128,629145.6000000001,4,819,204
32,45mT_t05,4,64,ternary,0.5937241911888123,0.031125586479902267,128,629145.6000000001,4,819,204
32,45mT_t05,4,128,analog,0.5573101043701172,0.02541632018983364,256,1887436.8,6,819,204
32,45mT_t05,4,128,binary,0.6790214776992798,0.028056593611836433,256,1572864.0,5,819,204
32,45mT_t05,4,128,ternary,0.6272891759872437,0.038116294890642166,256,1572864.0,5,819,204
32,45mT_t05,4,256,analog,0.5885494351387024,0.03337724879384041,512,3774873.6,6,819,204
32,45mT_t05,4,256,binary,0.6900850534439087,0.03264550119638443,512,5033164.800000001,8,819,204
32,45mT_t05,4,256,ternary,0.6480550765991211,0.0338340625166893,512,3774873.6,6,819,204
32,45mT_t05,4,512,analog,0.6279522776603699,0.029904870316386223,1024,10066329.600000001,8,819,204
32,45mT_t05,4,512,binary,0.7857732176780701,0.02720428816974163,1024,536032051.20000005,426,819,204
32,45mT_t05,4,512,ternary,0.6867979764938354,0.019603336229920387,1024,27682406.400000002,22,819,204
32,45mT_t05,4,1024,analog,0.6552794575691223,0.025756755843758583,2048,12582912000.0,5000,819,204
32,45mT_t05,4,1024,binary,0.876591145992279,0.02102779410779476,2048,523449139.20000005,208,819,204
32,45mT_t05,4,1024,ternary,0.7746493816375732,0.02210492640733719,2048,697093324.8000001,277,819,204
32,45mT_t05,4,2048,analog,0.6455041766166687,0.022103868424892426,4096,25165824000.0,5000,819,204
32,45mT_t05,4,2048,binary,0.9212449193000793,0.013278361409902573,4096,603979776.0,120,819,204
32,45mT_t05,4,2048,ternary,0.8300273418426514,0.025031113997101784,4096,840538521.6,167,819,204
32,45mT_t05,8,2,analog,0.45614251494407654,0.04465291276574135,4,14745.6,3,819,204
32,45mT_t05,8,2,binary,0.574557363986969,0.029135150834918022,4,19660.800000000003,4,819,204
32,45mT_t05,8,2,ternary,0.5736150145530701,0.03007671609520912,4,4915.200000000001,1,819,204
32,45mT_t05,8,4,analog,0.4478805661201477,0.04654839262366295,8,29491.2,3,819,204
32,45mT_t05,8,4,binary,0.5642330646514893,0.022799277678132057,8,39321.600000000006,4,819,204
32,45mT_t05,8,4,ternary,0.5938099026679993,0.038884133100509644,8,39321.600000000006,4,819,204
32,45mT_t05,8,8,analog,0.44697633385658264,0.029710886999964714,16,78643.20000000001,4,819,204
32,45mT_t05,8,8,binary,0.6350719928741455,0.021630210801959038,16,78643.20000000001,4,819,204
32,45mT_t05,8,8,ternary,0.5953962802886963,0.030027447268366814,16,78643.20000000001,4,819,204
32,45mT_t05,8,16,analog,0.49578970670700073,0.040149152278900146,32,157286.40000000002,4,819,204
32,45mT_t05,8,16,binary,0.7340408563613892,0.02001156099140644,32,157286.40000000002,4,819,204
32,45mT_t05,8,16,ternary,0.6995526552200317,0.02150600776076317,32,157286.40000000002,4,819,204
32,45mT_t05,8,32,analog,0.5757503509521484,0.03639626130461693,64,314572.80000000005,4,819,204
32,45mT_t05,8,32,binary,0.7555364370346069,0.02394193410873413,64,393216.0,5,819,204
32,45mT_t05,8,32,ternary,0.7392696738243103,0.017116235569119453,64,393216.0,5,819,204
32,45mT_t05,8,64,analog,0.6834918856620789,0.0384298674762249,128,786432.0,5,819,204
32,45mT_t05,8,64,binary,0.8111777901649475,0.028772534802556038,128,786432.0,5,819,204
32,45mT_t05,8,64,ternary,0.8187131285667419,0.020266257226467133,128,943718.4,6,819,204
32,45mT_t05,8,128,analog,0.7141727805137634,0.03690830618143082,256,2202009.6,7,819,204
32,45mT_t05,8,128,binary,0.8186655044555664,0.025858158245682716,256,2202009.6,7,819,204
32,45mT_t05,8,128,ternary,0.8307315707206726,0.015497354790568352,256,2202009.6,7,819,204
32,45mT_t05,8,256,analog,0.7650041580200195,0.03382910043001175,512,5033164.800000001,8,819,204
32,45mT_t05,8,256,binary,0.8115235567092896,0.02545769512653351,512,12582912.0,20,819,204
32,45mT_t05,8,256,ternary,0.8444157838821411,0.015867214649915695,512,6920601.600000001,11,819,204
32,45mT_t05,8,512,analog,0.7809442281723022,0.03893306478857994,1024,13841203.200000001,11,819,204
32,45mT_t05,8,512,binary,0.8740243911743164,0.021101227030158043,1024,377487360.0,300,819,204
32,45mT_t05,8,512,ternary,0.8782727718353271,0.018730033189058304,1024,140928614.4,112,819,204
32,45mT_t05,8,1024,analog,0.7727934122085571,0.03011537902057171,2048,12582912000.0,5000,819,204
32,45mT_t05,8,1024,binary,0.910133957862854,0.01871539279818535,2048,661861171.2,263,819,204
32,45mT_t05,8,1024,ternary,0.9108033776283264,0.015999509021639824,2048,739875225.6,294,819,204
32,45mT_t05,8,2048,analog,0.7691827416419983,0.0349750816822052,4096,25165824000.0,5000,819,204
32,45mT_t05,8,2048,binary,0.9365347027778625,0.017200380563735962,4096,860671180.8000001,171,819,204
32,45mT_t05,8,2048,ternary,0.9300177693367004,0.0188821442425251,4096,981467136.0,195,819,204
32,45mT_t05,16,2,analog,0.46421727538108826,0.10080862045288086,4,9830.400000000001,2,819,204
32,45mT_t05,16,2,binary,0.6825622916221619,0.042621590197086334,4,14745.6,3,819,204
32,45mT_t05,16,2,ternary,0.510403573513031,0.030819440260529518,4,4915.200000000001,1,819,204
32,45mT_t05,16,4,analog,0.4774731993675232,0.08459309488534927,8,39321.600000000006,4,819,204
32,45mT_t05,16,4,binary,0.6998667120933533,0.03364276885986328,8,39321.600000000006,4,819,204
32,45mT_t05,16,4,ternary,0.5921822786331177,0.015362889505922794,8,39321.600000000006,4,819,204
32,45mT_t05,16,8,analog,0.47217461466789246,0.08037690818309784,16,78643.20000000001,4,819,204
32,45mT_t05,16,8,binary,0.7200742363929749,0.03614550456404686,16,78643.20000000001,4,819,204
32,45mT_t05,16,8,ternary,0.679760754108429,0.026025734841823578,16,78643.20000000001,4,819,204
32,45mT_t05,16,16,analog,0.4350212812423706,0.05525686964392662,32,157286.40000000002,4,819,204
32,45mT_t05,16,16,binary,0.7663175463676453,0.023522526025772095,32,196608.0,5,819,204
32,45mT_t05,16,16,ternary,0.7392791509628296,0.02775573544204235,32,157286.40000000002,4,819,204
32,45mT_t05,16,32,analog,0.41739320755004883,0.03145802021026611,64,393216.0,5,819,204
32,45mT_t05,16,32,binary,0.7887619137763977,0.025765588507056236,64,393216.0,5,819,204
32,45mT_t05,16,32,ternary,0.7746906876564026,0.027178337797522545,64,393216.0,5,819,204
32,45mT_t05,16,64,analog,0.41279587149620056,0.03207641839981079,128,786432.0,5,819,204
32,45mT_t05,16,64,binary,0.8447077870368958,0.02269165962934494,128,943718.4,6,819,204
32,45mT_t05,16,64,ternary,0.8534647226333618,0.030799904838204384,128,943718.4,6,819,204
32,45mT_t05,16,128,analog,0.4382448196411133,0.031398262828588486,256,1572864.0,5,819,204
32,45mT_t05,16,128,binary,0.8912747502326965,0.014773841015994549,256,3145728.0,10,819,204
32,45mT_t05,16,128,ternary,0.9163430333137512,0.02137269638478756,256,2516582.4000000004,8,819,204
32,45mT_t05,16,256,analog,0.4525858163833618,0.03273387998342514,512,3774873.6,6,819,204
32,45mT_t05,16,256,binary,0.9075576066970825,0.018937867134809494,512,100034150.4,159,819,204
32,45mT_t05,16,256,ternary,0.9524779915809631,0.00619869027286768,512,14470348.8,23,819,204
32,45mT_t05,16,512,analog,0.4619963467121124,0.03675015643239021,1024,8808038.4,7,819,204
32,45mT_t05,16,512,binary,0.9036487340927124,0.020735230296850204,1024,329672294.40000004,262,819,204
32,45mT_t05,16,512,ternary,0.9710293412208557,0.006773428060114384,1024,191260262.4,152,819,204
32,45mT_t05,16,1024,analog,0.5329367518424988,0.026179147884249687,2048,12582912000.0,5000,819,204
32,45mT_t05,16,1024,binary,0.9026873111724854,0.01341393031179905,2048,12582912000.0,5000,819,204
32,45mT_t05,16,1024,ternary,0.9794942140579224,0.006956855766475201,2048,1562797670.4,621,819,204
32,45mT_t05,16,2048,analog,0.5707183480262756,0.031244240701198578,4096,25165824000.0,5000,819,204
32,45mT_t05,16,2048,binary,0.891617476940155,0.014372012577950954,4096,18446548992.0,3665,819,204
32,45mT_t05,16,2048,ternary,0.9863190054893494,0.005698240362107754,4096,2813539123.2000003,559,819,204
