grid,drive,P,K_max,best_readout,bal_acc
16,15mT200,1,2048,ternary,0.7505640387535095
16,15mT200,2,2048,ternary,0.818051278591156
16,15mT200,4,2048,binary,0.9080513119697571
16,15mT200,8,2048,ternary,0.9489743709564209
16,30mT500,1,2048,ternary,0.9220512509346008
16,30mT500,2,2048,ternary,0.9323589205741882
16,30mT500,4,2048,binary,0.8297436237335205
16,30mT500,8,2048,ternary,0.9648717641830444
16,45mT,1,2048,binary,0.9778461456298828
16,45mT,2,2048,binary,0.9703589081764221
16,45mT,4,2048,binary,0.9518975019454956
16,45mT,8,2048,binary,0.8842050433158875
16,15mT1100,1,2048,ternary,0.8569744229316711
16,15mT1100,2,2048,ternary,0.4878461956977844
16,15mT1100,4,2048,ternary,0.5726667046546936
16,15mT1100,8,2048,ternary,0.5257435441017151
16,60mT,1,2048,binary,0.9494360089302063
16,60mT,2,2048,binary,0.9623591303825378
16,60mT,4,2048,binary,0.9491795301437378
16,60mT,8,2048,ternary,0.894871711730957
